調査年月日,現状判断,分野,地区,業種,理由
2020-01-01,やや悪くなっている,家計,東青,住宅建設販売,消費増税の効果がつづき、前年対比受注マイナスとなっているため。
2020-01-01,やや悪くなっている,家計,下北,スーパー,売上動向からみて。
2020-01-01,やや悪くなっている,家計,県南,住宅建設販売,消費税増税の為。
2020-01-01,やや悪くなっている,家計,県南,設計事務所,コストカットの要望が増えている。
2020-01-01,やや悪くなっている,家計,県南,ガソリンスタンド,消費税増税による需要の前倒しの影響、暖冬傾向により商品の動きが鈍いこと。
2020-01-01,やや悪くなっている,家計,県南,パチンコ,消費税が上がり、収入は変わらない。これでは、サイフのひもは固くなります。
2020-01-01,やや悪くなっている,家計,県南,スナック,12月週始めがとくに暇だった。
2020-01-01,やや悪くなっている,家計,県南,一般飲食店,消費税アップが徐々にきいて来ている様に感じられる。又、パート不足による売上の伸び悩み等。
2020-01-01,やや悪くなっている,家計,下北,都市型ホテル,冬期間は宿泊客が減ります。毎年の事ですが。
2020-01-01,やや悪くなっている,家計,県南,家電量販店,9月度の増税での反動有り。
2020-01-01,やや悪くなっている,家計,津軽,住宅建設販売,お客様の動きが一旦少なくなったと思うからです。(イベントへの参加人数がこれまでよりも少ない）
2020-01-01,やや悪くなっている,家計,津軽,旅行代理店,売り上げの減少。
2020-01-01,やや悪くなっている,家計,津軽,商店街,消費税増税による駆け込み消費の影響からか、街の賑わいが減ったように感じた。
2020-01-01,やや悪くなっている,家計,津軽,乗用車販売,10月の増税から販売不振が続いている。
2020-01-01,やや悪くなっている,家計,津軽,スーパー,消費税増税による買い控え。
2020-01-01,やや悪くなっている,家計,津軽,衣料専門店,近隣商店街で閉店する店が何か所かある。
2020-01-01,やや悪くなっている,家計,東青,パチンコ,10月消費税増税後11月は感じられなかったが12月に入り集客の落ち込みが目立ってきた。
2020-01-01,やや悪くなっている,家計,県南,コンビニ,買物は必要最小限にとどめている感があります。
2020-01-01,やや悪くなっている,家計,東青,タクシー,3ケ月前の「悪い」より、空から降るモノも降らずの暖冬で更にやや悪さを増しているという意味。
2020-01-01,やや悪くなっている,企業,東青,食料品製造,コストがあがり値上げをすると高ければ買わないと判断される。
2020-01-01,やや悪くなっている,企業,津軽,経営コンサルタント,大きな気候災害もなく、りんごや米等の農作物の収穫はまずまず良かったが、10月からの消費税増税は、消費者に響いてきているようだ。
2020-01-01,悪くなっている,企業,津軽,広告・デザイン,仕事量が少なく売上高も減少している。
2020-01-01,悪くなっている,企業,津軽,飲料品製造,どの企業に聞取りしても不景気の話をしていた。
2020-01-01,悪くなっている,家計,下北,一般小売店,増税の影響が出てきました。年金世代の来店が、目に見えて減りました。御歳暮の売上も大幅に減り、切り詰めるのは交際費という事です。
2020-01-01,悪くなっている,家計,下北,コンビニ,イベントがあっても全然だめだった。楽しむ余裕がないのかなと思う。
2020-01-01,悪くなっている,家計,県南,レストラン,市街を歩く人の数があきらかに少ない。平日の夜は全く人が歩いていない。
2020-01-01,悪くなっている,家計,県南,百貨店,高額な福袋（1万以上）の動きが極端に悪かった。
2020-01-01,悪くなっている,家計,津軽,レストラン,客足がにぶっている。
2020-01-01,やや悪くなっている,企業,東青,経営コンサルタント,漁業が全般に水揚げが落ち込んでおり、需要に応じ切れていない。年末おせち料理等に人気が出たところもあるが消費全体に影響する程ではない。
2020-01-01,悪くなっている,家計,津軽,一般飲食店,増税の影響。
2020-01-01,悪くなっている,家計,東青,コンビニ,客数が減って売上が下がっている。
2020-01-01,やや悪くなっている,雇用,県南,人材派遣,人材不足（労働力不足）が加速している。
2020-01-01,やや悪くなっている,雇用,津軽,新聞社求人広告,消費増税の影響だろう。消費が落ち込んでいる。
2020-01-01,やや悪くなっている,雇用,東青,新聞社求人広告,消費意欲の落ち込み、将来への不安による節約志向が強い。さらに暖冬少雪も影響していると思う。
2020-01-01,やや悪くなっている,企業,下北,食料品製造,増税が響いていると思う。
2020-01-01,やや悪くなっている,企業,県南,電気機械製造,米中貿易摩擦で世界的に設備投資が滞っていて受注が低調です。
2020-01-01,やや悪くなっている,企業,県南,飲料品製造,増税の影響が大きい。日本酒は軽減税率にならず10％。出荷の動きもにぶい。小売店店頭の状況もよくない。
2020-01-01,悪くなっている,家計,津軽,一般小売店,消費税アップにより、キャッシュレス5％バックでクレジットカードの人は良いが、現金で買物をする方にはマイナス影響である。
2020-01-01,やや悪くなっている,家計,東青,観光名所等,季節変動による入館数の減少。
2020-01-01,やや悪くなっている,家計,下北,一般飲食店,年末ですが昨年よりも忘年会も減っていますし（昨年の半分）、ここはわりと繁華街なのですが人通りが少なくなっています。
2020-01-01,やや悪くなっている,家計,東青,レストラン,毎年のことだが、冬期はどうしても落ちる。
2020-01-01,変わらない,家計,津軽,観光名所等,過疎地域の加速化が目立ってきた。台風被害地域の過疎化、学校の統廃合、ローカル線の赤字拡大、商店街の消滅のニュースなど目につく。
2020-01-01,変わらない,家計,津軽,スナック,年末年始は少し活気はあるが、これからが微妙…。
2020-01-01,変わらない,家計,津軽,コンビニ,消費税upの駆け込みと増税分とプレミアム商品券の分で同じくなっていると思う。
2020-01-01,変わらない,家計,東青,設計事務所,微妙な景気変動は感じ得ないまま推移した。
2020-01-01,変わらない,家計,東青,旅行代理店,消費税10％になったが、売上げは前年比と同じ。良くなっているのか？変わらない。
2020-01-01,変わらない,家計,東青,観光型ホテル・旅館,忘新年会時期であるが昨年より若干減少している。個人客はまずまず順調。
2020-01-01,変わらない,家計,東青,商店街,過去3回（3，5，8％）の増税時と比較すると最も影響が少ないと感じられる→慣れすぎではと思われる！
2020-01-01,変わらない,家計,東青,一般小売店,思いのほか増税の影響を感じないから。
2020-01-01,変わらない,家計,東青,スナック,正直経営者の年齢のせいも有ると思いますが、景気も悪いです。だけど20代～80代のお客様、御来店になります。楽しく前向きに頑張るしか有りません。
2020-01-01,やや良くなっている,企業,津軽,電気機械製造,受注数量が増加している。
2020-01-01,やや良くなっている,家計,下北,スナック,10月、11月が、とても悪かったので。
2020-01-01,やや良くなっている,家計,津軽,設計事務所,春以降に計画している物件が動き始めた。例年通りの流れであるが、物件数が増えている。
2020-01-01,やや良くなっている,家計,津軽,都市型ホテル,上向きにならないと持ちこたえられない。
2020-01-01,やや良くなっている,家計,津軽,美容院,キャッシュレス支払のお得感でキャッシュレスが増えた。
2020-01-01,やや良くなっている,家計,東青,一般飲食店,天気(雪)がいつもの冬に比べても少ないので人がけっこうコンスタントに来てくれると思う。
2020-01-01,やや良くなっている,家計,東青,卸売業,3カ月前は10月と思い、消費増税後なので。
2020-01-01,やや悪くなっている,家計,東青,都市型ホテル,大きなイベントや大会等がなく利用客数や売上が前年を下回った為。
2020-01-01,変わらない,家計,津軽,パチンコ,特に変化が無いから。
2020-01-01,変わらない,家計,県南,衣料専門店,台風19号などの自然災害について地域的な被害がなく、政治体制など生活全般の変化が増税以外では無いから。
2020-01-01,良くなっている,家計,県南,一般小売店,3カ月前とは増税直後の最悪の月。良くて当り前。
2020-01-01,変わらない,企業,県南,広告・デザイン,広告の出稿量が年々減少している。テレビ等の電波媒体は多くなっている様に感じるが、代理店の場合、利益が20％で作業量に対してあまり利益が残らない。
2020-01-01,やや悪くなっている,家計,東青,家電量販店,雪が少ない事による除雪用品の落ち込み。増税駆け込みの反動。
2020-01-01,やや悪くなっている,家計,東青,衣料専門店,10月度の調査回答で再開発の事業関係から大型店が休業に入り通行量が急減している、消費税導入が消費にブレーキをかけているようです。
2020-01-01,やや悪くなっている,家計,東青,スーパー,10月は、消費増税直後のまとめ買いの反動がありましたが、12月はかろうじて前年をクリア。お客様の財布のヒモはカタイ。
2020-01-01,やや悪くなっている,家計,東青,乗用車販売,売上が前年を下回っている。
2020-01-01,変わらない,雇用,県南,新聞社求人広告,消費税増税で景気に影響が出るか心配したが、特に変わっていないように思う。
2020-01-01,変わらない,家計,県南,商店街,一時は増税の影響で落ち込んだ感じを受けたが、ポイント還元等で若干持ち直した部分もあると感じる。
2020-01-01,変わらない,企業,県南,経営コンサルタント,個人の給与増による所得増は、確実に進んでおり消費増動向も上向きだと思いますが、地域の利益は、中央の大企業（アマゾンなどのネット企業を含む）に吸収されている。
2020-01-01,変わらない,企業,県南,食料品製造,継続して上向く経済環境でない。
2020-01-01,変わらない,企業,県南,建設,増税前に一時的な駆け込み需要があったが、今は例年並に戻ってきているのではないか…。
2020-01-01,変わらない,企業,東青,建設,見方は様々だが市内の建設業は一頃の「どん底」時期よりはマシな状況だと思う。
2020-01-01,変わらない,家計,下北,ガソリンスタンド,以前は年末は買物客が多かったですが、年々普通の日と変わらないようになってきています。
2020-01-01,変わらない,家計,県南,美容院,お正月前後で出費が多かったのか、変化を感じません。
2020-01-01,変わらない,家計,県南,タクシー,忙しいと言っても12月の第2週、第3週の金、土あとは年末年始の1週間位。それも毎年少なくなっている。
2020-01-01,変わらない,家計,県南,旅行代理店,改善していないが、安定している。
2020-01-01,変わらない,家計,県南,観光名所等,客入数、売上共に特に変化がない。
2020-01-01,変わらない,家計,県南,卸売業,自分は、何も変わらないが、キャッシュレスのポイント還元がある為により、有利な手段でお得なら買おうと考えている人を見かける。
2020-01-01,変わらない,企業,津軽,食料品製造,日常的な食品の買物に関しては景気の動向は感じられない。
2020-04-01,悪くなっている,家計,県南,コンビニ,コロナ。たばこ分煙。
2020-04-01,悪くなっている,家計,県南,タクシー,昼の街、夜の街、どちらも人がいない。
2020-04-01,悪くなっている,家計,県南,家電量販店,コロナウイルスの関連で来店客数が大きく下がって売上に影響している。
2020-04-01,悪くなっている,家計,津軽,乗用車販売,増税後、消費行動に変化があり、コロナ発症により拡大した。
2020-04-01,悪くなっている,家計,県南,スナック,コロナ。
2020-04-01,悪くなっている,家計,県南,住宅建設販売,コロナウイルスの影響でモノが入らずお客様も動かない。
2020-04-01,悪くなっている,家計,県南,一般飲食店,コロナ騒動につきる。先が見えずどうしようもない。
2020-04-01,悪くなっている,家計,県南,旅行代理店,売上が前年同月比８０％減に落ち込んでいます。
2020-04-01,悪くなっている,家計,津軽,商店街,消費税増税とコロナウイルス問題が重なり、景気は落ち込んでいる。
2020-04-01,悪くなっている,家計,県南,商店街,新型コロナウイルスの影響が、どの業種にもみられる。
2020-04-01,悪くなっている,家計,県南,衣料専門店,コロナウイルス感染対策による外出控え。館の集客が激減している。比較的、食品は悪いなりに堅調だがそれ以外の衣料服飾住生活が低迷。
2020-04-01,悪くなっている,家計,県南,一般小売店,コロナウイルスの影響。
2020-04-01,悪くなっている,家計,津軽,レストラン,新型コロナウイルスの影響により、ビジネス・観光のお客様の宿泊、飲食店への来店がない。飲食店に関しては、地元のお客様の予約がキャンセルとなっている。
2020-04-01,悪くなっている,家計,津軽,一般小売店,消費増税×コロナのダブルパンチで打ちのめされている。
2020-04-01,悪くなっている,家計,津軽,旅行代理店,コロナウイルスの影響。
2020-04-01,悪くなっている,家計,津軽,観光型ホテル・旅館,2月中旬以降新型コロナウイルスで、キャンセル続きの為。
2020-04-01,悪くなっている,家計,県南,百貨店,増税後衣料品を中心に売上が10％程落ち込んだが、八戸でコロナ感染が出てから衣料は30％～40％、食品は10％～15％の落ち込み。
2020-04-01,悪くなっている,家計,県南,卸売業,注文の電話がならず、飲食店との取引が多い為納品も平常時の1割あるかないかという状態です。
2020-04-01,悪くなっている,家計,県南,レストラン,コロナの影響で、市街に人がいない。
2020-04-01,悪くなっている,企業,東青,経営コンサルタント,消費増税による景気の悪化は予想した程ではなかったが、今年に入ってからの「コロナウイルス」の蔓延により多くの業種で急速に悪化している。
2020-04-01,悪くなっている,家計,下北,タクシー,売り上げが、かなり減少している。
2020-04-01,悪くなっている,雇用,津軽,新聞社求人広告,新型ウイルス感染に伴う自粛ムードの浸透で、ホテル、宴会場、飲食店などでの団体予約がキャンセルされ、活気が失われている。
2020-04-01,悪くなっている,雇用,津軽,人材派遣,昨年の10月の消費税増税後、消費者の購買欲がとても低下していると思う。
2020-04-01,悪くなっている,企業,下北,食料品製造,間違いなくコロナ！！
2020-04-01,悪くなっている,企業,県南,飲料品製造,増税で動きが鈍くなっているタイミングで、コロナウイルス、自粛ムードが強くなってホテル、飲食店需要がまったくなし、という状況になった。
2020-04-01,悪くなっている,企業,県南,広告・デザイン,コロナウイルスのことで予定しているイベントが全て中止、広告も自粛で仕事が消えている状態。
2020-04-01,悪くなっている,企業,県南,建設,県内にもコロナが発生したことで各種イベントが中止となり、飲食業界、観光業界などほぼ全ての業界に影響がでている。
2020-04-01,悪くなっている,企業,県南,食料品製造,コロナの影響。
2020-04-01,悪くなっている,家計,下北,レストラン,新型コロナウイルスで外出が少なくなっている。
2020-04-01,悪くなっている,企業,津軽,飲料品製造,新型コロナウイルスの影響が多大である。
2020-04-01,悪くなっている,企業,津軽,食料品製造,飲食業やホテル業の注文がなくなった。
2020-04-01,悪くなっている,企業,東青,広告・デザイン,新コロナウイルスの影響による様々なイベントや会合の中止、集客につながるような広告の自粛等、経済活動が停滞している。
2020-04-01,悪くなっている,家計,下北,一般小売店,増税後より客数減少してますが、年明けより更に客数が落ち込んでいます。
2020-04-01,悪くなっている,家計,下北,コンビニ,コロナの影響で売上げが急速におちている。
2020-04-01,悪くなっている,家計,下北,都市型ホテル,2月末より宴会のキャンセルが相次ぎ、3月・4月はほぼ全てキャンセルになりました。
2020-04-01,悪くなっている,家計,下北,一般飲食店,コロナの事もあるんでしょうが全然人が出歩かなくなりました。
2020-04-01,悪くなっている,家計,下北,スーパー,コロナウイルスの為に一部玩具・ゲーム・食品は良いが他は大きくダウンしている為。
2020-04-01,悪くなっている,企業,津軽,経営コンサルタント,新型コロナの影響が大きい。
2020-04-01,悪くなっている,家計,津軽,衣料専門店,新型コロナウイルスの影響で買い控え。
2020-04-01,やや良くなっている,家計,東青,住宅建設販売,春に向けての住宅取得検討顧客が動き出しており契約状況も上向いたため。
2020-04-01,悪くなっている,家計,津軽,観光名所等,"新型コロナウイルスによる当施設の予約が必要な食事、弁当、体験学習等、4月1日現在キャンセルが40,000人分有り。"
2020-04-01,やや悪くなっている,企業,県南,経営コンサルタント,蕪島祭りに代表される各イベントの中止のみならず、すべての会合及びその懇親会の中止など人が外に出る機会が全くなくなった。
2020-04-01,やや悪くなっている,企業,津軽,広告・デザイン,受注量、単価等低下している。
2020-04-01,やや悪くなっている,家計,下北,ガソリンスタンド,今年は小雪だったので除雪業者や冬物の商売している業種が悪かった。それに加えてコロナの影響で、日に日に出歩く人々も減ってきているようで、ガソリンの販売数量も減ってきた。
2020-04-01,やや悪くなっている,家計,県南,設計事務所,自社は官公庁で仕事を受注しておりますが、自社の業務をみますと、依頼を受けて対応する等の日銭を稼ぐ仕事はほとんど動かず、これからの業務は動きが重くなると思います。やや悪くなっていると思われます。
2020-04-01,やや悪くなっている,家計,県南,ガソリンスタンド,新型コロナウイルスの影響により、春まつり、各種イベント等の中止等により、先行きが不透明であり、景気の気の部分の落ち込みが大きく影響している。
2020-04-01,やや悪くなっている,家計,県南,観光名所等,客入数・売上共、減少傾向。
2020-04-01,やや悪くなっている,家計,津軽,スーパー,新型コロナウイルスの影響。
2020-04-01,やや悪くなっている,家計,津軽,卸売業,コロナの影響。
2020-04-01,やや悪くなっている,家計,東青,家電量販店,お客様の消費動向として、良い商品や話題の商品への反応は良く、多少高額でも購入している。しかし、それ以外（全体的に）では節約しており、全体ではやや悪くなっている。
2020-04-01,やや悪くなっている,家計,東青,美容院,少し良くなったつもりですが、コロナの影響がでてきていると思います。
2020-04-01,やや悪くなっている,家計,東青,卸売業,外出している人が少ない為。
2020-04-01,変わらない,雇用,東青,人材派遣,まだコロナ感染症の影響は大きく受けておらず、状況の変化がほぼない。
2020-04-01,変わらない,企業,津軽,電気機械製造,現時点でのコネクター部品の所要は下がっていない。
2020-04-01,変わらない,家計,県南,美容院,来店頻度は下ったが、個人の売り上げや商品お買い上げなどにあまり変化はない。
2020-04-01,変わらない,家計,津軽,美容院,コロナで、様子を見ているのでは？
2020-04-01,変わらない,家計,東青,設計事務所,少雪で順調、平穏なスタートでした。
2020-04-01,悪くなっている,雇用,県南,新聞社求人広告,新型肺炎による自粛の影響がものすごく大きい。
2020-04-01,やや悪くなっている,企業,県南,電気機械製造,物が売れず、新型コロナで人の移動が止まってしまっては新しい開発の話も動かず、注文は減っていっている。
2020-04-01,悪くなっている,家計,津軽,パチンコ,コロナ。
2020-04-01,やや悪くなっている,雇用,東青,求人情報誌,取引先の経費見直しで取引額の減額の通告有り。
2020-04-01,悪くなっている,家計,東青,スナック,お客様ゼロの日が多いです。
2020-04-01,悪くなっている,家計,津軽,スナック,新型コロナウイルスの影響。
2020-04-01,悪くなっている,家計,津軽,コンビニ,外出するのを控えているのとスーパー等に人が取られていると思う。
2020-04-01,悪くなっている,家計,津軽,設計事務所,コロナの影響で弘前さくらまつり等のイベント中止により各業界が休業や苦しい落ち込みになっている。最悪の状況です。
2020-04-01,悪くなっている,家計,津軽,都市型ホテル,受注したものはキャンセル、新規も入らない。
2020-04-01,悪くなっている,家計,東青,新聞社求人広告,新型コロナウイルスの感染防止対策対応。感染への不安。
2020-04-01,悪くなっている,家計,東青,コンビニ,売上が半減、客数半減している。ますます下がっていくと思っています。
2020-04-01,悪くなっている,家計,東青,タクシー,現在は必要最低限の通勤・通院・生活必需品購入のための外出移動以外のいわゆる通常の社会活動・個人活動が停滞どころかほぼ停止してしまっている。人の「移動」が消えたことで、景気が悪いどころではなく景気とは一体何ぞやといった状況に近い。考えたくはないがこれからはますます悪化の方向に向かうと思う。
2020-04-01,悪くなっている,家計,東青,観光名所等,2月よりイベント自粛、4月10日より全館休館。来館者が激減。
2020-04-01,悪くなっている,家計,東青,都市型ホテル,新型コロナウイルスによる影響。
2020-04-01,悪くなっている,家計,東青,レストラン,コロナ。
2020-04-01,悪くなっている,家計,東青,衣料専門店,消費税増税からコロナ問題。昨年暮れから手の付けようが無い状態です。
2020-04-01,悪くなっている,家計,東青,ガソリンスタンド,言うまでもなくコロナウイルスの影響。
2020-04-01,悪くなっている,家計,東青,旅行代理店,やはりコロナの影響です。
2020-04-01,悪くなっている,家計,東青,観光型ホテル・旅館,コロナウィルスの影響。訪日客よりも国内客の激減が影響大きかった。
2020-04-01,悪くなっている,家計,東青,商店街,新型コロナウイルス感染症が拡大ニュース・新聞等で報じられてから、特に売上・業績に悪い影響が有る！
2020-04-01,悪くなっている,家計,東青,一般小売店,コロナの影響。
2020-04-01,悪くなっている,家計,東青,百貨店,感染症拡大の影響で客数減。
2020-04-01,悪くなっている,家計,東青,一般飲食店,コロナウイルスの影響で宴会が全て無くなった。
2020-04-01,悪くなっている,雇用,県南,人材派遣,派遣業界としては、4月からスタートした「同一労働同一賃金」による影響大！加えて、新型コロナウイルスもあり、求人（採用）減が進むと思われる。
2020-04-01,変わらない,家計,津軽,住宅建設販売,消費税増税になったことで落ち込み（お客様の建築意識）があると思ったが、1月以降もそんな気配なく、お客様の動きが活発。
2020-07-01,やや良くなっている,家計,東青,百貨店,６月に入ってから、客数や売上が週を追うごとに前年に近づいている。また衣料品や宝飾品など低迷していた高額品にも動きが見え始めている。
2020-07-01,悪くなっている,家計,津軽,観光名所等,コロナによる経済活動、社会活動の停止。
2020-07-01,悪くなっている,家計,津軽,都市型ホテル,新型コロナウイルスの影響により。
2020-07-01,悪くなっている,家計,東青,乗用車販売,新型コロナウイルスでの影響。
2020-07-01,悪くなっている,家計,東青,商店街,客数の減少が大きい！
2020-07-01,悪くなっている,家計,東青,スナック,不景気な挙げ句、コロナの影響で深刻に悩んでいます。
2020-07-01,悪くなっている,家計,東青,一般飲食店,やはりコロナです。飲食に来られるお客様が本当に少なく持ち帰りを実施してもおぎなえません。
2020-07-01,やや悪くなっている,雇用,東青,人材派遣,求人数、取引先の業績の見通しが悪い。
2020-07-01,やや悪くなっている,企業,県南,電気機械製造,コロナウイルスで世界各国が２～３カ月活動を止めたことにより、注文が必要間際まできてから出るようになっている。各顧客とも確定した使用分しか注文を出さない。
2020-07-01,やや悪くなっている,企業,津軽,食料品製造,コロナウイルスの影響。
2020-07-01,やや悪くなっている,企業,津軽,電気機械製造,旧製品の所要量が減少して来ているため。
2020-07-01,やや悪くなっている,家計,下北,スーパー,スーパーはコロナの影響で数字が上がって来ていたがここにきて 落ち着いてきている、今後は５％還元も終了するので多少落ち込むと予想される。
2020-07-01,やや悪くなっている,家計,県南,住宅建設販売,コロナウイルスの影響でお客様がまだ出歩かないため。
2020-07-01,やや悪くなっている,家計,県南,家電量販店,今、給付金と業種によって景気が良いところも多くあるが、かならず反動もありコロナの影響がまだつづくと思われる。
2020-07-01,やや悪くなっている,家計,県南,旅行代理店,現在は当社旅行部門はまったく仕事なし。ただ、周りは新築工事なども散見されて底堅いところがあるのではないか。
2020-07-01,やや悪くなっている,家計,県南,観光名所等,客入数、売上共減少傾向。
2020-07-01,やや悪くなっている,家計,県南,スーパー,コロナ禍の影響。
2020-07-01,やや悪くなっている,家計,津軽,レストラン,３カ月前位からコロナウイルスの影響でお客様が減少している。（４月末～６月中旬まで休業しておりました）
2020-07-01,悪くなっている,家計,津軽,旅行代理店,売り上げが前年比△99.5％の為。
2020-07-01,やや悪くなっている,家計,津軽,衣料専門店,会合、結婚式、イベントの中止で経済が回らない。
2020-07-01,悪くなっている,家計,津軽,パチンコ,コロナの影響。
2020-07-01,悪くなっている,家計,県南,スナック,コロナ。
2020-07-01,やや良くなっている,家計,東青,一般小売店,緊急事態宣言や移動制限の解除。
2020-07-01,悪くなっている,雇用,県南,人材派遣,新型コロナウイルスの影響が大きい。特にサービス業（観光、飲食業など）の売上低下（自粛要請）に伴う求人数の減少の影響が大きい。
2020-07-01,悪くなっている,雇用,津軽,新聞社求人広告,新型コロナウイルス感染拡大に伴う緊急事態宣言が解除され１カ月以上経過しても商店街に客足が戻っていない。夏物商戦も盛り上がらない。国民に支給された一律10万円の特別給付金による地元経済への波及効果がどうかだが、今のところ感じられない。
2020-07-01,悪くなっている,雇用,東青,新聞社求人広告,新型コロナウイルス感染拡大の影響による経済活動全般の縮小。
2020-07-01,悪くなっている,企業,下北,食料品製造,ほぼ全てコロナの影響。
2020-07-01,悪くなっている,企業,県南,飲料品製造,コロナの感染が拡大してから、４月、５月、２カ月が最悪で、前年の半分ほどの出荷量であった。
2020-07-01,悪くなっている,企業,県南,経営コンサルタント,クライアントの多くは、４月、５月の売り上げが激減した。中には50％以上減の企業も多く見られた。食料品以外の販売や飲食業が軒並み下落した。
2020-07-01,悪くなっている,企業,津軽,経営コンサルタント,影響の大小はあるが、新型コロナウイルス感染症による景気の落ち込み、及び経費増は多くの事業所に及んでいる。
2020-07-01,悪くなっている,企業,東青,経営コンサルタント,宿泊、観光、外食関係の落込みは強く、強弱はあるものの多くの業種が影響を受けている。
2020-07-01,悪くなっている,企業,東青,食料品製造,コロナ禍の中で、家で調理する機会は増えているようですが、水産物に関しては、外食に支えられていたところもある為、暑くなる今後は、尚さら、手にとる機会が減る事が予想されます。
2020-07-01,悪くなっている,家計,下北,一般小売店,コロナの影響で売上、客数大幅減。
2020-07-01,悪くなっている,家計,下北,コンビニ,以前から、必要なもの以外買わない、夜はあまり出歩かない印象だったが、新型コロナの影響でますますといった感じ。
2020-07-01,悪くなっている,家計,下北,一般飲食店,昨年の売上をみますと４月５月は昨年の３分の１くらいで終わっています。
2020-07-01,悪くなっている,家計,下北,レストラン,コロナの影響でどこまで、戻るのかまだ検討がつかない。
2020-07-01,悪くなっている,家計,県南,設計事務所,新型コロナウイルス感染拡大の影響の為。
2020-07-01,悪くなっている,家計,県南,レストラン,東京からのムダな出張が多くなってきている今、第二波が来たら、４、５月に逆戻り。イベント、宴会、全てキャンセルで悪くなっていると思う。
2020-07-01,悪くなっている,家計,県南,パチンコ,新型コロナの影響で、人が外出する消費活動が減っている。
2020-07-01,悪くなっている,家計,県南,卸売業,コロナ関係で飲食店が休業してるために、働いている方々が収入がない状況が続き、閉店するとかしないとか噂程度のもの、実際に閉店した店舗がある。失業した方々の受け入れ先もないようです。
2020-07-01,やや悪くなっている,家計,津軽,ガソリンスタンド,新型コロナの影響で 人の動きが予測できないため。
2020-07-01,悪くなっている,家計,津軽,観光型ホテル・旅館,休館中の為。
2020-07-01,やや悪くなっている,家計,津軽,住宅建設販売,衣食住の食の部分で、宴会や飲食（複数人数)を控えての会合が多い。家族での飲食も控え目である。
2020-07-01,変わらない,家計,東青,レストラン,３カ月前はちょうどコロナの影響が出始めの時だったから。
2020-07-01,変わらない,家計,東青,旅行代理店,コロナの関係で悪い状態が続いている。
2020-07-01,やや良くなっている,雇用,津軽,人材派遣,３カ月前である4月はコロナ禍の中、最大限外出を控えた最悪の状態であり、そこと比較すると「やや良くなっている」と思う。
2020-07-01,やや良くなっている,企業,東青,広告・デザイン,３カ月前と比較すれば。僅かであるが、経済が活動し始める気配がある。
2020-07-01,やや良くなっている,家計,県南,商店街,緊急事態宣言の解除、交付金の給付で若干人通り、消費が増えた感を受ける。
2020-07-01,やや良くなっている,家計,県南,百貨店,コロナの影響で４月５月の売上が一番悪く 、その時期よりはやや回復傾向にあるため。
2020-07-01,やや良くなっている,家計,県南,タクシー,まだコロナに対する警戒感が強くて、少しずつ仕事が動いている。
2020-07-01,やや良くなっている,家計,県南,一般小売店,今から２～３カ月前が最低だったので、これから良くして行くしかない。
2020-07-01,変わらない,家計,東青,パチンコ,３月頃からコロナウイルス感染症の影響で集客が落ち込み 、低迷が続いています。
2020-07-01,やや良くなっている,家計,津軽,乗用車販売,自動車の販売状況が回復に向っている様な気がする。
2020-07-01,やや良くなっている,家計,津軽,家電量販店,景気といえるのかどうか判断しかねるが、エアコンをはじめ電化製品は前年比を大きく上回る需要がある。
2020-07-01,やや良くなっている,家計,東青,コンビニ,客数は多少増えている為。
2020-07-01,やや良くなっている,家計,東青,観光名所等,３カ月前は休館していたため。
2020-07-01,良くなっている,家計,東青,家電量販店,新型コロナの影響でマスクや室内トレーニング用品など通常売れない商品が好調に売れている。しかし、お客様の収入が増えた訳ではないので、通常であれば他の商品の購入を控える事になると思うのだが、そういった動きも無く通常の消費活動を続けている様に感じる。このことから消費活動に積極的になっているという意味での景気が上向きと判断します。さらに電化製品や自転車、ブランド品など高額商品の動きも良いことから給付金10万円の影響もあると思われる。
2020-07-01,良くなっている,家計,東青,都市型ホテル,6/19移動自粛解除後、ホテルへの県外宿泊者が増え、各種宴会利用も動き出した。直近では、団体のみならず個人利用（小グループ）や個人のレストラン利用者もあり、景気の動きを左右している消費行動が伸長していることが実感されるため。
2020-07-01,良くなっている,家計,県南,衣料専門店,３カ月前（４月）はコロナ禍が拡大期だった為。その時点よりはよくなっているが、通常期よりはやや悪くなっている。
2020-07-01,やや悪くなっている,家計,津軽,設計事務所,コロナによる自粛はすべてに連鎖反応を起こしていると思います。
2020-07-01,やや良くなっている,家計,東青,住宅建設販売,５月以降非常に新築への動きが活発になり、年内入居希望という声が増えたため。
2020-07-01,やや良くなっている,家計,津軽,商店街,景気に大きな変化はないが、飲食店は少し元気になってきた。
2020-07-01,変わらない,家計,津軽,美容院,皆様、外に出ないようにしている。
2020-07-01,やや良くなっている,家計,県南,一般飲食店,コロナ状況次第ではないでしょうか。３カ月前はあまりにもヒドイ景気でしたので。
2020-07-01,やや悪くなっている,家計,東青,衣料専門店,４月、５月は国中がコロナ渦、緊急事態で市中に人出無く売上は開業以来の最低水準でした。
2020-07-01,やや悪くなっている,家計,東青,タクシー,あくまでも３カ月前時点との比較表現で、３カ月前といえば４月上旬で新型ウイルスの影響から更に悪化に向かってゆく段階。まだ外出も自粛も厳密ではなく飲食店も開いていたので今現在よりはまだ水準が上だったという意味です。自粛が明けた今、谷底の４月後半に比べると回復の角度は上向いてはいるものの、消滅した施設や店舗もある上に、店舗を再開しても定員を大幅に縮小して人の距離を保った状態での営業を強いられているので全体の動きも今一つ。絶対的水準で観れば景気は（ややではなく）かなり悪い状態にあることは間違いない。
2020-07-01,変わらない,家計,津軽,スーパー,コロナの影響。
2020-07-01,やや悪くなっている,家計,東青,スーパー,コロナ禍の影響で客数減。客単価は上がっていますが、来店頻度が減少しています。
2020-07-01,やや悪くなっている,家計,東青,美容院,来店する期間が長目になっている。１カ月くらいの所が２カ月以上とか。
2020-07-01,やや悪くなっている,家計,東青,設計事務所,実行することを控えてしばらく多種多様にわたり様子見の状態が 続いた。
2020-07-01,変わらない,雇用,県南,新聞社求人広告,コロナの影響が続いている。
2020-07-01,変わらない,企業,県南,広告・デザイン,悪い状態が変わらないという意味です。コロナの影響でイベント等がほぼ中止。それに伴う広告（チラシやＣＭなど）はなくなり、他業種と違い広告会社は、イベント中止＝仕事が発生しないということになりました。
2020-07-01,変わらない,企業,県南,建設,非常事態宣言が解除されたとはいえ、まだ以前のような積極的な行動は見えず、自粛のムードは残っている。 皆まだ飲食を伴う外出は控えているようなので、夜の歓楽街は閑散としている。
2020-07-01,変わらない,企業,津軽,広告・デザイン,現在は、売上額の減少等もなく変わっていない。
2020-07-01,変わらない,企業,県南,紙・パルプ製造,新型ウイルスの影響が続いている。
2020-07-01,変わらない,家計,下北,ガソリンスタンド,３カ月前に比べると同じような景気だと思います。その後ゴールデンウィーク前後を底にして酷い状態でした。例年に比べれば非常に悪くなっています。
2020-07-01,変わらない,家計,県南,コンビニ,低調が続いているという意味で変わらない。コロナ、天候が影響していると思います。
2020-07-01,変わらない,家計,県南,ガソリンスタンド,緊急事態宣言発令そして解除されてはいるが、徐々に経済活動は戻りつつあるものとは思われるが、未だ回復の途上であり、変化は感じられない。
2020-07-01,変わらない,家計,県南,美容院,来客数も変化なく、買物も特別気にしている様子は見えない。
2020-07-01,変わらない,家計,津軽,一般小売店,３カ月前の３カ月間も今の３カ月間も前年比10％減少で変わらず。
2020-07-01,変わらない,家計,津軽,スナック,コロナウイルスの影響がまだまだ続いている。
2020-07-01,変わらない,家計,津軽,コンビニ,コロナの影響により人の行動に制限があり、コンビニエンスストアは酷い影響をうけました。
2020-07-01,変わらない,家計,下北,都市型ホテル,春先から見れば、多少上向きの感じもするが、相変わらず 宴会はほぼ皆無だし、宿泊も以前の状況に戻るには、時間 がかかると思う。
2020-10-01,やや悪くなっている,家計,津軽,設計事務所,計画している設計物件が延期となるケースが増えてきています。新型コロナによる影響です。
2020-10-01,変わらない,雇用,津軽,新聞社求人広告,新型コロナウイルスの影響が続いている。GoToキャンペーンや地域で発行しているプレミアム商品券などの効果はあっても一時的で、冷え込んだ地域経済を押し上げるまでに至っていない。
2020-10-01,やや悪くなっている,家計,津軽,美容院,コロナ、クラスター発生を受けて町に人がいない。
2020-10-01,やや悪くなっている,家計,津軽,スーパー,10月からの第3のビール・たばこの増税により、消費は下向き傾向に感じます。
2020-10-01,やや悪くなっている,家計,東青,設計事務所,日常生活感は景気の悪さをそんなに感じないが、企業に出入りしている営業マンは全体的に低調と話す。
2020-10-01,やや悪くなっている,家計,東青,美容院,そんなに変化はないのですが、やはりコロナの関係はあります。
2020-10-01,やや悪くなっている,家計,東青,スーパー,コロナ禍で客数、来店頻度が減少。客単価は上昇していますが、必要なものしか買っていない。チラシ構成比が上がっている。
2020-10-01,変わらない,企業,県南,広告・デザイン,悪い意味で変わらない。コロナが終息に向かったとしても、我々の様なイベント会社は、中止と決定された以上、仕事は、消滅しました。
2020-10-01,変わらない,家計,県南,タクシー,「GoToトラベル」に期待をしていたが、今のところ期待はずれ。 また、金曜日、土曜日の夜は若い人たちは出ているが、平日の日中は殆ど街に人がいない。夜も同じ。
2020-10-01,変わらない,家計,下北,スーパー,小売業、特に食品関連のスーパーは外食の自粛によりお客様の購買意欲が落ちていない。
2020-10-01,変わらない,家計,下北,タクシー,コロナが終息しない限り、変わらないと思う。
2020-10-01,変わらない,家計,県南,ガソリンスタンド,多少、自粛ムードは緩和されて、往来は増えてきているように感じられるが、従前のような行動様式には戻っていない。戻れない。
2020-10-01,変わらない,家計,県南,商店街,人の動きは以前よりあるように感じるが、経済活動に直結しているかは疑問だ。
2020-10-01,変わらない,家計,県南,設計事務所,新型コロナウイルスへの怖さは消えず、苦しい戦いは続いている印象。
2020-10-01,変わらない,家計,県南,レストラン,市街へ足を運ぶ人がへっている。自粛期間と変わらないと思う。
2020-10-01,変わらない,家計,県南,一般飲食店,何と言っても「コロナ」に尽きる。 お盆前までは回復基調になりつつありましたが、 お盆から落ち込んできて今に至ってる状態です。
2020-10-01,やや悪くなっている,家計,津軽,ガソリンスタンド,売上が減っている。
2020-10-01,変わらない,企業,津軽,食料品製造,スーパー関係の売上は悪くはない。
2020-10-01,やや悪くなっている,家計,県南,家電量販店,"5月末でコロナ感染の特別給付金がでて、5,6月で売上が伸びた分の反動が考えられる為。"
2020-10-01,悪くなっている,家計,県南,コンビニ,たばこ値上げの影響が大きいです。
2020-10-01,やや悪くなっている,家計,県南,衣料専門店,コロナ禍の中での先行き不透明感が社会情勢として蔓延。
2020-10-01,変わらない,家計,津軽,都市型ホテル,売上げ横ばい。
2020-10-01,悪くなっている,家計,県南,旅行代理店,コロナの影響で旅行部門は売上減。
2020-10-01,悪くなっている,家計,津軽,衣料専門店,コロナで会議、結婚式がないためスーツが売れない。
2020-10-01,悪くなっている,家計,東青,スナック,コロナの影響と景気悪化の為にどうしたらいいか解らない毎日です。
2020-10-01,悪くなっている,家計,東青,商店街,コロナウイルスの影響が続き、経済的に通行数・お客様の来店に大きく影響が出ている！
2020-10-01,悪くなっている,家計,東青,パチンコ,8月、9月と一向に上向く気配が無い。
2020-10-01,やや悪くなっている,雇用,東青,人材派遣,求人数が激減している。
2020-10-01,やや悪くなっている,企業,下北,食料品製造,全てコロナの影響。
2020-10-01,やや悪くなっている,家計,県南,住宅建設販売,コロナでお客様が動かなくなってから、まだ活発に動こうとしない。
2020-10-01,やや悪くなっている,企業,県南,電気機械製造,旅行や飲食の業界が大きくダメージを受けていて、人の動きが低調になり、「何か仕事はないか」と探す人々が増えている。その割に新しい動きが見られない。
2020-10-01,やや悪くなっている,企業,津軽,広告・デザイン,売上額が更に悪くなっている。
2020-10-01,やや悪くなっている,企業,津軽,飲料品製造,取引先からの聞取にて。
2020-10-01,やや悪くなっている,企業,東青,建設,先行きの不安からか投資への意欲が下向ぎみと感じます。
2020-10-01,やや悪くなっている,家計,下北,一般小売店,コロナ禍で自粛傾向にあるため。
2020-10-01,やや悪くなっている,家計,下北,レストラン,コロナが今後どのように収束して行くか解らない状況で、先が読みにくくなっている。
2020-10-01,やや悪くなっている,家計,県南,美容院,自粛生活がまだ尾を引いている様です。外出する機会が少なくなっているように感じます。これからの規制緩和に期待します。
2020-10-01,やや悪くなっている,家計,県南,観光名所等,客入数、売上共減少傾向。
2020-10-01,やや悪くなっている,家計,県南,卸売業,会合なども開かれておらず、景気が悪い話をしている方が多いし 店を閉めようか検討している方も多い。
2020-10-01,やや悪くなっている,企業,県南,経営コンサルタント,クライアントの殆どの事業者が数字を落としている。
2020-10-01,変わらない,家計,津軽,住宅建設販売,青森、弘前のお客様の動きは、活発。家を建てる、買うなど高価な取得になるが、準備（家を建てる）に時間もかかることから活発に動いている。
2020-10-01,悪くなっている,家計,津軽,家電量販店,コロナ対策の国策・地域支援策で経済への打撃をカバーしているものの、昨年度の売上実績まではとどかず苦戦中。
2020-10-01,変わらない,家計,津軽,商店街,景気は変わらず悪いまま。
2020-10-01,やや良くなっている,家計,津軽,乗用車販売,新車の登録が前年実績に近づいて来ている。
2020-10-01,やや良くなっている,家計,津軽,レストラン,宿泊・飲食共にお客様が増加している。
2020-10-01,やや良くなっている,家計,津軽,観光名所等,市内で秋の大祭典が開催され、それにつれて団体客の数(特に県内客)が目に見えて増えた。またGoToキャンペーンについてはすごく効果を感じている。ツアーに組み込まれた夜の食事等も入ってきている。あとはクーポン券（プレミアム付商品券)の買物が今は目立っている。
2020-10-01,やや良くなっている,家計,津軽,一般飲食店,コロナ禍により減少した売上が、極僅かであるが回復基調にあるため。
2020-10-01,やや良くなっている,家計,津軽,一般小売店,"9月は前年が消費増税前の駆け込み需要のため今年は悪いが、7,8月は4～6月に比べて少し明るさが見えてきたと思う。"
2020-10-01,やや良くなっている,家計,東青,観光型ホテル・旅館,青森市、青森県、国のキャンペーンにより7月以降確かに宿泊客は増加している。しかし例年並みにはいまだ全く届かない。
2020-10-01,やや良くなっている,家計,東青,旅行代理店,人が動き出し、お金が回り始めた。
2020-10-01,やや良くなっている,家計,東青,タクシー,新型コロナに対する情報が徐々に浸透してきており未知なる物に対する恐怖は減少傾向のように見える。反対の意見は依然としてあるものの、経済優先の政策に対して人々が慣れ始めており、その最たるものがGoToトラベルなどの動きに表れているが、全体的に今ひとつふんぎりがつけられない状態のよう。
2020-10-01,やや良くなっている,家計,東青,衣料専門店,"承知の通りコロナ禍で最悪の状況であった4,5,6,7,8月から見れば9月の売上は上昇傾向である。 各種補助、助成と景気浮揚の政策報道からの期待感があると思います。"
2020-10-01,やや良くなっている,家計,東青,住宅建設販売,住宅購入者の増加により、契約数の向上、問合せ件数も増加しているため。
2020-10-01,やや良くなっている,家計,東青,ガソリンスタンド,自粛期間が終わり、人の移動が活発になり始めれば、徐々に消費も上向くと思う。事実レンタカーの利用者がかなり増加している。
2020-10-01,やや良くなっている,家計,東青,百貨店,客数が感染症前に戻りつつある。
2020-10-01,やや良くなっている,家計,東青,一般飲食店,客数が横ばい気味であるが多少だけ上昇しているように感じる。
2020-10-01,やや良くなっている,家計,東青,一般小売店,感染拡大防止施策の要件緩和と、GoTo等様々な経済対策が景気を少し上向かせている。
2020-10-01,やや良くなっている,家計,東青,コンビニ,GoToキャンペーンで県外からのお客様が多少増えている。
2020-10-01,良くなっている,家計,東青,観光名所等,前期が底なので。
2020-10-01,良くなっている,家計,東青,家電量販店,世間一般の景気は下向きとなっているが、コロナ特需により売上は上向いている。
2020-10-01,やや良くなっている,家計,県南,一般小売店,"2019年は消費増税の年で、10,11,12月と売上が落ち込んだ時との比較だから。"
2020-10-01,やや良くなっている,家計,県南,百貨店,お客様の行動様式がコロナの中で変化しなければならなかったが、だんだん慣れてきた様子が感じられる。
2020-10-01,良くなっている,家計,東青,都市型ホテル,宿泊利用について、ビジネス利用客の移動については、概ね許容されており、GoToトラベルを含む観光需要増や自粛期間から延期された利用などにより増加傾向にある。
2020-10-01,やや良くなっている,家計,県南,乗用車販売,メーカーによる新商品の投入や販売支援策によるものもあるが、徐々にではあるが自動車購入マインドは高まっている。
2020-10-01,やや良くなっている,家計,県南,パチンコ,コロナに対する意識もだいぶ緩和？慣れてきて、消費者の活動が徐々に回復してきている。
2020-10-01,変わらない,家計,津軽,スナック,コロナ禍の中で会合等のイベントが少ない。年末年始の繁盛期も期待出来ない。
2020-10-01,変わらない,家計,津軽,旅行代理店,GoToトラベルキャンペーン実施中ですがいまいち動きが鈍い。
2020-10-01,変わらない,家計,東青,乗用車販売,現在の景気が平行状態と感じている。また、景気が良い業界と悪い業界の差も大きいと感じている。
2020-10-01,変わらない,家計,東青,レストラン,まだまだコロナの影響が…。
2020-10-01,やや良くなっている,雇用,県南,新聞社求人広告,悪かった時期にくらべると少し回復してきているように思う。
2020-10-01,やや良くなっている,雇用,東青,新聞社求人広告,人やモノに動きがみられるようになってきた。
2020-10-01,やや良くなっている,企業,県南,建設,東京を含めたGoToトラベルの開始で観光分野では多少の上向き傾向が見られていると思うが、その効果は地域や業種、企業規模で差が見られる。 3ヶ月前と比べると、ある程度自粛も解除されてきているので回復傾向にはある。
2020-10-01,やや良くなっている,雇用,県南,人材派遣,新型コロナウイルスによる経済への影響は、特にサービス・観光・飲食業、更に海外取引のある製造業、またその関連企業に対して非常に大きかったが、徐々に客足が戻る傾向があると感じる。但し、一部の製造業については回復の兆しが見えていない。
2020-10-01,やや良くなっている,企業,県南,飲料品製造,コロナの影響の最悪時と比較すると、ホテルの会合や飲食店の人出も以前より徐々に戻ってきている。
2020-10-01,やや良くなっている,企業,津軽,経営コンサルタント,新型コロナウイルス感染症の流行も落ち着き、新様式の生活にもだいぶ慣れてきて、各種会合、人手も増えてきているが、冠婚葬祭関係等はまだまだ回復の兆しが見えない。
2020-10-01,やや良くなっている,企業,津軽,電気機械製造,新機種スマートフォン向け部品の生産がピークになっている。
2020-10-01,やや良くなっている,家計,県南,スナック,景気が悪いわけではなく、私たちのような、コロナの影響をもろに受けるサービス・飲食・イベント業など以外は、普通に忙しくしているし、スーパーやホームセンターなどは起業以来最高の売り上げとなっている。景気が悪いのではなくて、職種ごとの差が激しいのである。しかし、八戸においては、ホテルなどの宴会ではない飲食業、レストランや食堂などは、以前のように家族連れなどで混んできているので、少しづつ回復するのではと期待している。
2020-10-01,やや良くなっている,企業,東青,食料品製造,飲食店向け商品が少し動きだした。 他県からの観光客も来ているのでしょう。
2020-10-01,やや良くなっている,企業,東青,経営コンサルタント,GoToキャンペーンの効果がでている。
2020-10-01,やや良くなっている,家計,下北,都市型ホテル,夏場頃までは、前年比３０％台まで落ち込んでいたんですがようやく前年の半分位まで回復してきました。宴会等は相変わらずですが、宿泊が伸びてきています。
2020-10-01,やや良くなっている,家計,下北,ガソリンスタンド,コロナの影響でお盆の帰省客が少なかったため、販売数量は大幅に減ったものの、9月のシルバーウイーク以降、多少持ち直したため。
2020-10-01,やや良くなっている,企業,県南,紙・パルプ製造,新型コロナの影響はまだあるが、経済回復に向けて少しずつ動きが始まっている。
2021-01-01,やや悪くなっている,家計,東青,美容院,皆様出歩くのをひかえているようです。
2021-01-01,やや悪くなっている,家計,東青,商店街,コロナ感染の影響が強く！外出の機会が減少している！
2021-01-01,変わらない,企業,県南,電気機械製造,日本国内や欧米向けの製造品はやや低調な受注状況。中国向けのみ上向いている。中国国内は、新型コロナ対策が十分にやられていて、感染をあまり気にせず仕事ができる様子です。
2021-01-01,やや悪くなっている,家計,東青,観光名所等,3ヶ月前は入場者が多かったから。
2021-01-01,変わらない,雇用,県南,新聞社求人広告,コロナの影響が続いているため。
2021-01-01,やや悪くなっている,家計,東青,タクシー,景気の動向が低目安定の悪い状態で固定化する中で、更に少しずつ悪化方向に向かっていると感じます。状況が好転する要素が何も見つからず、現行ウイルスの感染爆発や新しい変異型のウイルスの心配も視野に入ってきており、人々の移動制限が以前よりも厳格化される状況の中では景気が良くなるはずがありません。
2021-01-01,やや悪くなっている,家計,東青,住宅建設販売,コロナと大雪の影響でイベント来客が落ち、それにともない受注が落ちこんだため。
2021-01-01,やや悪くなっている,家計,東青,スーパー,新型コロナウイルス、冬の平均賞与減少により、外出自粛に加え、節約の意識が高まり、必要なものしか買わない傾向が見られます。
2021-01-01,やや悪くなっている,家計,県南,パチンコ,職種的に今は繁忙期にあたりますが、例年と比べると厳しい状況です。コロナウイルス感染拡大が騒がれている間は、厳しい状況が続くと思います。
2021-01-01,やや悪くなっている,家計,津軽,ガソリンスタンド,コロナの影響による外出の自粛のため。
2021-01-01,やや悪くなっている,家計,津軽,住宅建設販売,建築は消極的に感じる。コロナ禍の様子をうかがっている気配があり、検討はするが、時期の決断が出来ないでいる。
2021-01-01,やや悪くなっている,家計,津軽,旅行代理店,首都圏の緊急事態宣言により、自粛ムードが広がりお客様の動向が低迷している。
2021-01-01,やや悪くなっている,家計,県南,タクシー,1.年末、年始に忘年会及び新年会が殆ど無かった。 2.金曜日、土曜日（の人出）がなくなった。人が街に出てこない。
2021-01-01,やや悪くなっている,家計,県南,家電量販店,コロナの状況が更に深刻になっている。今後の見通しが不安であるとのお客様の声も多い。
2021-01-01,やや悪くなっている,家計,県南,一般小売店,コロナの深刻化。
2021-01-01,やや悪くなっている,家計,県南,スーパー,職種により異なるが、総じて厳しい。
2021-01-01,変わらない,企業,県南,飲料品製造,コロナ禍の第2波が落ち着き飲食店にも少しずつ人が戻りつつあったが、第3波の雰囲気と地元でのクラスター発生などもあり再度ブレーキがかかった。当然年末年始の盛り上がりは全然見えず。
2021-01-01,やや悪くなっている,家計,県南,商店街,新型コロナ感染者の増加により、GoToトラベルの一時停止や、GoTo商店街のイベント自粛等で人の動きが減っている。その一方、厳しい寒さと積雪により、生活必需品の動きは多少ある。
2021-01-01,やや悪くなっている,家計,東青,都市型ホテル,忘年会という繁忙期を逃し、都市部での感染拡大に加え、地方でも局地的クラスターが発生しており、出張・宿泊・飲食の自粛が長引いており、且つ先行きが不透明すぎることから消費についても様子見の状況で景況感としては悪い。
2021-01-01,変わらない,企業,県南,紙・パルプ製造,コロナの影響が続いている。
2021-01-01,変わらない,家計,津軽,コンビニ,悪かった時期がそのまま継続している。
2021-01-01,変わらない,企業,津軽,食料品製造,イベントもなく外出もままならない日常で、特に消費する事がない。
2021-01-01,やや良くなっている,家計,東青,家電量販店,降雪による除雪関連の商品に動きが出た為。
2021-01-01,やや悪くなっている,家計,県南,住宅建設販売,年末に向けて、コロナが拡がりをみせ、東京の感染状況などで景気の閉塞感があるため。
2021-01-01,やや良くなっている,家計,津軽,一般小売店,10月の大規模クラスター発生直後は人出がなかった。現在はそれに比べると少し「まし」である。
2021-01-01,やや良くなっている,家計,津軽,設計事務所,毎年12月～2月にかけて春以降の計画の相談や依頼が集中します。
2021-01-01,やや良くなっている,企業,津軽,電気機械製造,例年だと受注が落ち込む時期であるがおちていないため。
2021-01-01,やや良くなっている,雇用,津軽,新聞社求人広告,弘前市でコロナによる飲食店クラスターが発生して低迷したが、その後にGoToキャンペーンで持ち直したうえ、出来秋や年末年始の需要・消費増が大きい。
2021-01-01,変わらない,家計,東青,パチンコ,3カ月前の悪いままでの推移。
2021-01-01,変わらない,家計,東青,旅行代理店,コロナで仕事（収入）がない。
2021-01-01,変わらない,企業,県南,経営コンサルタント,GoToが始まって、さあこれからと言うときに県内各地でのクラスター発生によって消費者の行動は再び殻に閉じこもったようです。
2021-01-01,変わらない,家計,東青,ガソリンスタンド,コロナ禍の中、まだまだ低空飛行が続いている。
2021-01-01,変わらない,家計,東青,設計事務所,制約された環境の中で基本的な日常生活は保ちながらも 経済に及ぼす人の動きは慎重で鈍い。
2021-01-01,変わらない,家計,東青,乗用車販売,他業種の景気が落ち込んでいるように思えるため。
2021-01-01,変わらない,家計,津軽,乗用車販売,新車販売が低迷している。
2021-01-01,変わらない,家計,津軽,家電量販店,予測の前提となる感染状況のおさまりが予測不能。
2021-01-01,変わらない,家計,県南,美容院,コロナが長引いているので、来店（までの期間）が長引いてあまり好転していません。
2021-01-01,変わらない,家計,県南,レストラン,何も変わらない。
2021-01-01,変わらない,家計,県南,観光名所等,客入数・売上共に、大きな変化はみられない。
2021-01-01,変わらない,家計,県南,ガソリンスタンド,景気対策により若干の改善が感じられたが、コロナ感染症の影響により、年末年始、人々の移動に制限がかかり、回復には遠い状況です。
2021-01-01,変わらない,家計,東青,百貨店,上向いてきたか、と思えば感染症の拡大で再び落ち込むという流れの繰り返しなので。
2021-01-01,やや悪くなっている,家計,下北,コンビニ,コロナ、報道が多すぎて、すべてが萎縮している。
2021-01-01,変わらない,雇用,東青,新聞社求人広告,コロナウイルス感染不安からのヒト、モノの流れ停滞が依然として続いている。ヒトが動けば感染が拡大する状況に陥っていると思う。
2021-01-01,やや悪くなっている,家計,下北,一般小売店,コロナ禍で外出を控え、街中にお金が落ちず、年末年始も 帰省客も来ず、来店したお客様と話をしても、みんな厳しいといってる。
2021-01-01,悪くなっている,家計,県南,衣料専門店,コロナ禍での萎縮した生活の日常化。
2021-01-01,悪くなっている,家計,県南,旅行代理店,GoToトラベルの実施により旅行業も少し盛り返してきた感じでしたが、大きな都市でのコロナ拡大は止められず、結果、GoToを見直すことになってしまったため。
2021-01-01,悪くなっている,家計,県南,卸売業,コロナの影響で、飲食店などは予約のない日は営業しない等の 対策をしており、街に人もでなくなり、いつから普通の生活が 出来るのか見通しが出ない中、財布のひもは締まる一方です。 今、働ける場がある人たちもいつどうなるのか？環境も働き方も 今までに想像できない変化がやってきている。
2021-01-01,悪くなっている,家計,県南,コンビニ,コロナ禍の影響で、働いている方々の休日が増えており、客数の減少となっている。
2021-01-01,悪くなっている,家計,県南,百貨店,寒波による道路事情の悪さと首都圏のコロナ感染拡大による帰省自粛により集客がかなり悪くなっている。
2021-01-01,悪くなっている,家計,県南,設計事務所,業界全体で来年度の見通しがたっていない。
2021-01-01,悪くなっている,家計,県南,一般飲食店,地元でもコロナクラスター発生や、大都市部でのコロナ患者が増え続け、危機感だらけ。結果来店が極端に減少。
2021-01-01,悪くなっている,家計,県南,スナック,地方のコロナが増えているので。
2021-01-01,悪くなっている,家計,津軽,パチンコ,コロナなので。
2021-01-01,悪くなっている,家計,下北,都市型ホテル,第3波のコロナ禍の影響により、例年でも宿泊客が減少する 冬場に益々拍車がかかっている。又、飲食を伴う宴会はほぼ 皆無に等しく、忘・新年会は少人数で数件でした。
2021-01-01,悪くなっている,家計,下北,一般飲食店,一応むつ市は現在コロナの人は出ていないが、中央の言いなりな感じがあって人が出てこない。
2021-01-01,悪くなっている,企業,東青,食料品製造,コロナの影響で、飲食店関係もダメージを受けております。スーパーはいいと聞きますが、水産は非常に悪いです。
2021-01-01,悪くなっている,企業,津軽,経営コンサルタント,3か月前弘前で飲食店クラスターが発生し、それまでどちらかというとまだ緊迫感の薄かったこの地区も一気にコロナに対する警戒が強まりました。会議や会合も書面決済が増え、懇親会・会食は中止、知人の重体化や死亡の情報でますます外出を控えるようになっています。 ようやく落ち着いてきたら、今度は高校クラスター。内向きの生活様式が定着しつつあります。
2021-01-01,悪くなっている,企業,津軽,広告・デザイン,受注物件数が減少し、売上高も減少している。
2021-01-01,悪くなっている,企業,県南,建設,GoToトラベルやGoToイートキャンペーンがストップされたことから、人の動きが抑制され一旦持ち直した景気も今は下降状態。
2021-01-01,悪くなっている,企業,県南,広告・デザイン,昨年後半から、コロナ拡大の影響を受け、予定していた広告、イベントが中止になり、再開のめどが立っていない。
2021-01-01,悪くなっている,雇用,東青,求人情報誌,コロナにより。
2021-01-01,やや悪くなっている,家計,下北,ガソリンスタンド,コロナの収束はおろか、拡大しているので、主に飲食店は打撃を受けている。年末に市内のホテルに忘年会などの宴会の話を聞いたところ、前年比9割減ということだった。
2021-01-01,悪くなっている,家計,下北,スナック,コロナで先が見えないです。
2021-01-01,悪くなっている,家計,津軽,商店街,不要不急の外出や忘新年会などを自粛要請しているため街は人も車も少ない。
2021-01-01,悪くなっている,企業,下北,食料品製造,コロナ第3波の影響。
2021-01-01,悪くなっている,家計,津軽,衣料専門店,コロナ。
2021-01-01,悪くなっている,家計,津軽,スナック,コロナウイルスの影響。
2021-01-01,やや悪くなっている,家計,下北,タクシー,コロナの影響力が大きいと思われる。
2021-01-01,やや悪くなっている,企業,東青,経営コンサルタント,GoToキャンペーンの中止の影響がある。
2021-01-01,やや悪くなっている,企業,東青,広告・デザイン,緊急事態宣言発令に伴う観光産業を中心とした経済活動の停滞。
2021-01-01,やや悪くなっている,企業,東青,建設,民間での設備投資が弱くなってきている。
2021-01-01,やや悪くなっている,企業,津軽,飲料品製造,取引先との商談の中で、ごくわずかだが伸びている商品もあるが全般には落ち込んでいる。
2021-01-01,やや悪くなっている,雇用,津軽,人材派遣,関東圏、関西圏、東海圏等、新型コロナウイルス感染拡大に向けて政府の緊急事態宣言がされ、地方都市もその経済的影響は避けられないと思う。
2021-01-01,悪くなっている,家計,東青,一般小売店,GoToトラベルで11月期は持ち直すも 新型コロナ再拡大と大雪のダブルパンチで急降下。
2021-01-01,悪くなっている,家計,東青,衣料専門店,コロナの影響と大雪による交通障害に尽きます。
2021-01-01,やや悪くなっている,家計,下北,レストラン,新型コロナの感染状況が拡大し、非常事態宣言も首都圏などで発令され、飲食業にとっては厳しい状態が続いている。
2021-01-01,悪くなっている,家計,東青,スナック,何という事なしです。回復全く見えません。
2021-01-01,悪くなっている,家計,東青,観光型ホテル・旅館,夏から秋にかけての各キャンペーンの効果もあり旅行需要はある程度戻ったが、最近の感染拡大に伴い再び旅行マインドが自粛傾向に変化している。春先の一斉自粛に比べればまだ良いのだが…。
2021-01-01,悪くなっている,家計,東青,一般飲食店,青森におけるコロナの影響は3月からずっとあったが、本格的になったのは弘前のクラスター以降だ。身近に迫ったことで飲食店（特に町中）は終わった。
2021-01-01,悪くなっている,家計,東青,コンビニ,大雪による客の減少とコロナウイルスの為。
2021-01-01,悪くなっている,家計,津軽,都市型ホテル,10月の弘前でのコロナクラスター以降、大半の仕事がキャンセルとなった。
2021-01-01,悪くなっている,家計,津軽,観光名所等,GoToでだいぶ復活基調がクラスター発生で弘前市が休業要請（翌日訂正、お願いに）。全国報道され、その影響で修学旅行など団体客は2月まで、キャンセルが発生。前年比30％減。
2021-01-01,悪くなっている,家計,津軽,観光型ホテル・旅館,GoTo停止で、キャンセル多発。
2021-01-01,悪くなっている,家計,東青,レストラン,ズバリ！！コロナの影響で振り回されているような…。
2021-04-01,やや悪くなっている,家計,津軽,レストラン,クラスター等の発生で飲食部門の売上が減少している。
2021-04-01,やや悪くなっている,家計,津軽,観光型ホテル・旅館,コロナ禍でキャンセルが続いている。
2021-04-01,やや悪くなっている,家計,津軽,コンビニ,前年度にコロナの感染症が出た頃で、そのまま景気が悪化。その景気は、かわらず悪いのが続いている。
2021-04-01,やや悪くなっている,家計,東青,乗用車販売,業種によって良い悪いがはっきり分かれて来てると思う。周りでも景気が良いという話がなく売り上げが落ちているという声が多いため。
2021-04-01,やや悪くなっている,家計,東青,商店街,今年の冬の厳寒もあったが、コロナがそう簡単には 収束しないどころかまん延と隣り合わせにいる現実に 気づきはじめ、そのことで外出しない人々、逆に出歩く人々で、片方は購買意欲が失せ、片方は結果としてまた外出規制を呼び、全体的に人出が非常に減っているように見える。
2021-04-01,変わらない,企業,県南,紙・パルプ製造,新型コロナ対応が継続。
2021-04-01,やや悪くなっている,家計,東青,スーパー,コロナウイルスによるクラスターが発生し、年配層を中心に外出を控えている印象。
2021-04-01,やや悪くなっている,家計,東青,家電量販店,前3カ月は平年より積雪が多く、スノーダンプやスノープッシャーなどの除雪用品が好調だったが、青森市内で大規模なクラスターが発生し、客数が昨年の3月に比べ1割ほど少なくなっているため。
2021-04-01,やや悪くなっている,家計,東青,観光名所等,閑散期が終わり、入場数が増えてきたが、クラスターの発生により減少ぎみ。
2021-04-01,やや悪くなっている,家計,東青,コンビニ,お客様の来店する数が減っている為。
2021-04-01,変わらない,雇用,津軽,人材派遣,新型コロナの終息の気配が見いだせないかぎり、この状況は続くと思う。
2021-04-01,変わらない,雇用,津軽,新聞社求人広告,新型コロナ感染に歯止めがかからず、春物セールの街もいま一つ活気がない。
2021-04-01,変わらない,雇用,東青,人材派遣,急遽の人員不足などはあるが、人員削減が多く新しい求人が発生していない。
2021-04-01,変わらない,雇用,東青,新聞社求人広告,新型コロナウイルス感染の収束がみられず、社会、経済も一進一退を繰り返している状況が続いている。
2021-04-01,やや悪くなっている,家計,津軽,住宅建設販売,コロナ禍の影響でお客様自身の動きが鈍い。
2021-04-01,やや悪くなっている,家計,東青,タクシー,新型ウイルスのクラスターが青森市内でも発生したことで更に皆さん臆病になっているように感じます。また、消費税込みの総額表示義務に関してはタクシーのメーター料金は元々税込みなので改めてあまり意識はしませんが、小売業に関してはこれからじわじわと影響が出てくる可能性があるような気がします。
2021-04-01,変わらない,企業,県南,建設,地元にコロナが発生していないことから、送別会などはそれなりに最近行われているようだ。 このことから以前よりは多少改善しているようにも思えるが、一部の業種だけの一時的な恩恵となっている可能性が高く、基本的に全体的に良くなっているとは言いにくい。
2021-04-01,やや悪くなっている,企業,津軽,電気機械製造,コネクタ部品販売のピークが過ぎ、次期モデルへの準備期間のため。
2021-04-01,やや悪くなっている,家計,県南,スーパー,売上・客数減、倒産、廃業、減給、返済等々、お客様との会話から好転している話はなく悲観的。
2021-04-01,悪くなっている,家計,下北,タクシー,売上が下がったまま回復しない。
2021-04-01,変わらない,企業,県南,飲料品製造,忘年会新年会がまったくおこなわれなかった年末年始同様の雰囲気のまま経過し、コロナ以前におこなわれていた謝恩会、歓送迎会などが全くなし。ホテル、飲食店等苦境が続きお酒の出荷も同様である。巣ごもり需要の動きも以前よりは鈍く感じられる。
2021-04-01,悪くなっている,家計,県南,衣料専門店,県内でのコロナクラスター頻発。
2021-04-01,悪くなっている,家計,県南,設計事務所,コロナの影響で人材マーケットに人があふれている。
2021-04-01,悪くなっている,家計,津軽,観光名所等,コロナ禍。
2021-04-01,悪くなっている,家計,津軽,一般小売店,前の3か月が前年比９８．８％であったが、 この3か月は９１．２％と落ち込んでいるため。
2021-04-01,悪くなっている,家計,東青,スナック,コロナ感染拡大で厳しい毎日、疲れます。何から何までコロナのせいです。どうしたらいいかパニック状態です。
2021-04-01,悪くなっている,家計,東青,レストラン,市内からコロナが出るとキャンセルに！！
2021-04-01,悪くなっている,家計,東青,観光型ホテル・旅館,宿泊業について、各キャンペ―ンにより宿泊者数を下支えしては頂いたが、4月からの見通しが立たない。
2021-04-01,やや悪くなっている,企業,県南,経営コンサルタント,クライアントの毎月の決算データを見ていても、決して楽観的な数字は見られない。 社会全体が縮こまってしまっているみたいです。
2021-04-01,やや悪くなっている,企業,県南,食料品製造,先行き不安。
2021-04-01,やや悪くなっている,企業,東青,建設,大型案件が目立つが売上となるのは来年以降となるため民間の投資が落ち込んでいる。
2021-04-01,やや悪くなっている,家計,下北,一般飲食店,コロナ問題で人は出てこないし宴会は出来ないし、ふんだりけったりです。
2021-04-01,やや悪くなっている,家計,下北,都市型ホテル,多人数での会食自粛により、元々少人数での利用が 少ないホテルなので、各団体の宴会等はほぼ無い 状況です。
2021-04-01,やや悪くなっている,家計,県南,家電量販店,昨年が業界的に良かった事で今期は昨年と比較しても落ち込んで行く見込みです。
2021-04-01,やや悪くなっている,家計,県南,住宅建設販売,引き続き、市内、県内でもコロナが発生しており、各種イベントが相次いで中止となっているため。
2021-04-01,やや悪くなっている,家計,県南,観光名所等,客入数、売上共に減少が続いているため。
2021-04-01,やや悪くなっている,家計,県南,ガソリンスタンド,コロナ感染症に対する、自粛により、経済活動が停滞し、特に飲食店関連は年末年始、3月の歓送迎会の中止により、大変厳しい状況にあるということ。
2021-04-01,変わらない,企業,津軽,広告・デザイン,仕事量、売上高が増えていない。
2021-04-01,変わらない,家計,東青,ガソリンスタンド,相変わらずの自粛ムードで、コロナ感染の状況はむしろ悪化している。
2021-04-01,変わらない,企業,東青,経営コンサルタント,GOTOキャンペーンが中止になった時から経済状況はほとんど変わっていない。 また大雪により消費者の行動範囲に制限があるものの、購買回数は減っているが購買量は変わらなかったと思われる。
2021-04-01,やや良くなっている,企業,県南,電気機械製造,製造業では中国や欧州向けの工業品で受注が増えている。少し納入を待っていただく顧客も出てきている状況。
2021-04-01,やや良くなっている,企業,津軽,経営コンサルタント,3カ月前があまりにひどかったので、現在が良い訳ではない。
2021-04-01,やや良くなっている,家計,下北,スーパー,コロナの発生がなく短時間の買物がさかんである(食品)。時間をかけての買物は、不振(衣料関連)。
2021-04-01,やや良くなっている,家計,下北,コンビニ,暖かくなってきたので、少しずつ人が動いてきたように感じる。
2021-04-01,やや良くなっている,家計,県南,レストラン,来店されるお客様が増えた(少人数でとか、家族とか)。
2021-04-01,やや良くなっている,家計,県南,旅行代理店,ウイルスに対する予防対策を知り、世の中の動きが少しずつ見えてきたのが気を付ければ外出しても良いかなという気持ちに変わってきた結果かもしれません。
2021-04-01,やや良くなっている,家計,県南,スナック,少し人が出てきているように思える。
2021-04-01,やや良くなっている,企業,下北,食料品製造,R2.12月～R3.2月迄、コロナ緊急事態で最悪だった頃よりは良い。又、昨年の3月以降より悪い事は考えられない。
2021-04-01,やや良くなっている,家計,県南,商店街,人の動きが少しずつ増えてきているから。
2021-04-01,やや良くなっている,家計,津軽,設計事務所,コロナの影響で冷え込んだ昨年に比べると、我慢していた計画を今年は実行しようと動き出しているのではないか。
2021-04-01,やや良くなっている,家計,津軽,商店街,3カ月前と比べてやや良くなっているだけで、景気そのものはあいかわらず良くはない。
2021-04-01,やや良くなっている,家計,東青,卸売業,各業態の得意先売上が上がっている。
2021-04-01,やや良くなっている,家計,東青,一般飲食店,2月から3月にかけ、日がすすむにつれコロナに対する不安もうすれていて、あちこちでクラスターなどがおきると経済がおさえられながらも次第に人が動いている。
2021-04-01,やや良くなっている,家計,東青,美容院,年が変わって出歩く人が多少、多くなりつつあります。
2021-04-01,悪くなっている,家計,下北,一般小売店,コロナが発生してから1年が過ぎ、給付金や、借り入れなど で持ちこたえてきたが、依然先の見えない状況で体力がなくなってきている。
2021-04-01,やや良くなっている,家計,東青,住宅建設販売,春になり着工へ向けいそがしくなった。来場、ネット問い合わせなど増加してきているため。
2021-04-01,やや良くなっている,家計,県南,百貨店,物産催事、折込広告に対する売上が前々年並に上昇してきている。
2021-04-01,やや良くなっている,雇用,県南,新聞社求人広告,3カ月前と比べれば良いが、そこまでいいかと言われればそうでもない。営業広告は少しずつ上向いてきている。
2021-04-01,変わらない,家計,東青,旅行代理店,コロナでお客様の動きがなくずっと休業中だ。
2021-04-01,変わらない,家計,東青,設計事務所,自粛制約される日々の生活で行動して生まれる経済活動の 動きが希薄の上、周りには往来する人影もまばらでさびしい状態です。
2021-04-01,変わらない,企業,東青,食料品製造,大手スーパー関係ばかり良いようです。零細企業は厳しすぎます。
2021-04-01,変わらない,家計,下北,レストラン,2月、3月良かったが、4月になって厳しい。
2021-04-01,変わらない,家計,下北,ガソリンスタンド,依然としてコロナ感染を警戒して色々な行事が中止や縮小になっている。下北はまだ数名しか出ていないが、逆に出してはいけないというプレッシャーもあり行動も萎縮している。
2021-04-01,変わらない,家計,津軽,一般小売店,景気は下向きベースのままだが、コロナワクチンの普及のプラス材料でプラマイゼロかな？
2021-04-01,変わらない,家計,津軽,美容院,今のところ、定期的に来店いただいているので、あまり感じていません。話題にもあまり出て来ません。
2021-04-01,変わらない,家計,津軽,タクシー,市民の方々は必要最小限の用事が終わると、ウィルス感染を恐れて直ぐ帰宅。
2021-04-01,変わらない,家計,津軽,コンビニ,私の店の立地は、お客様の仕事休みが増えると客数、売上減少します。
2021-04-01,変わらない,家計,津軽,卸売業,緊急事態宣言中でしたので規制がある中での景気と解除されたといえど感染を心配して出歩かない為悪いままで推移している。
2021-04-01,変わらない,家計,津軽,衣料専門店,依然コロナ禍で購入きっかけが無い。
2021-04-01,変わらない,家計,津軽,パチンコ,変わってないから。
2021-04-01,変わらない,家計,津軽,美容院,三ヶ月前の緊急事態宣言下に比べると解除後の今は少し行動範囲が広がっているようだが、外出自粛傾向も変わらず第四波到来への怯えがあるように思える。
2021-04-01,変わらない,家計,津軽,都市型ホテル,コロナの終息が見えないため。
2021-04-01,変わらない,家計,津軽,一般飲食店,さくらまつり客の団体予約が入っていたが、キャンセルが続いている。3月も昨年と売上が変わらなかった。
2021-04-01,変わらない,家計,津軽,旅行代理店,コロナの影響が今まで影響なかった業界まで影響が及んできている。
2021-04-01,変わらない,家計,津軽,乗用車販売,新車販売が回復しない。
2021-04-01,変わらない,家計,東青,衣料専門店,どうもこうも承知のコロナウイルスの蔓延から風評被害、外出自粛の影響です。
2021-04-01,変わらない,家計,東青,一般小売店,この3カ月で世の中の状況に特段の変化が見られないから。
2021-04-01,変わらない,企業,東青,食料品製造,コロナウイルスが終息しない為。
2021-04-01,悪くなっている,家計,下北,スナック,皆、自粛しているため。
2021-04-01,変わらない,家計,東青,パチンコ,まだ悪いままでの推移です。
2021-04-01,良くなっている,家計,東青,百貨店,これまで動きの鈍かった高額品の動きが目立つようになっています。
2021-04-01,悪くなっている,企業,県南,広告・デザイン,コロナ第4波の勢いが止まりません。関東・関西エリアだけではなく八戸、青森とクラスターが発生、イベントの中止がまだまだ続いています。今後の売上げが見えてきません。
2021-04-01,やや良くなっている,家計,東青,都市型ホテル,宿泊利用者（県外客）については増加している。 宴会・レストラン利用については横ばい。
2021-07-01,やや悪くなっている,家計,津軽,ガソリンスタンド,販売数量の落ち込み。
2021-07-01,やや悪くなっている,家計,東青,スーパー,来店頻度は横ばいですが、買上点数、客単価が減少しています。
2021-07-01,やや悪くなっている,家計,東青,家電量販店,昨年は国民に10万円の定額給付金が支給され大型家電などが好調でしたが、その反動減が見られるためです。
2021-07-01,やや悪くなっている,家計,東青,衣料専門店,春先にはいったん景気が上向いた。しかし、県内でのコロナ感染が増えだすと人の移動が途絶え昨年よりも深刻と考えている。
2021-07-01,やや悪くなっている,家計,東青,卸売業,飲食店の売上が昨年より悪い為。
2021-07-01,変わらない,雇用,県南,新聞社求人広告,コロナ禍が続いているため。
2021-07-01,変わらない,雇用,津軽,新聞社求人広告,コロナ禍が長引き、経済活動が停滞している。
2021-07-01,やや悪くなっている,家計,津軽,一般飲食店,コロナ陽性者数は減少傾向にあるが、自粛傾向がまだまだ続いている。また、オリンピック開催に伴う人の流れで感染拡大が再発の可能性もある。
2021-07-01,悪くなっている,家計,県南,商店街,年度末や新年度の時期は必要最低限の動きはあったように感じるが、今はほとんど感じられない。
2021-07-01,変わらない,企業,県南,広告・デザイン,依然として今年のイベントは中止が多く、広告の集客する企画や仕事は、少ない。
2021-07-01,変わらない,企業,県南,建設,コロナ感染は減少傾向にはあるが、まだ感染が続いており小康状態とは言えず、上向きといえる好転材料は見えてはいない。
2021-07-01,変わらない,企業,県南,紙・パルプ製造,新型コロナ対応が継続している。
2021-07-01,変わらない,企業,津軽,広告・デザイン,売上金額に変動がない。
2021-07-01,変わらない,企業,津軽,食料品製造,コロナウィルスの感染が治まらない限り経済の負の連鎖が止まらない。
2021-07-01,変わらない,企業,津軽,経営コンサルタント,新型コロナウイルス感染症に対する危機感は多少薄れてきているように感じるが、依然としてクラスター発生に対しては敏感な状況にある。色々な会合等は中止もしくは飲食を伴う懇親会は中止の案内が多い。飲食店関係から5月より6月の方が客足がひどかったという話も聞いた。
2021-07-01,変わらない,家計,下北,タクシー,悪い状況のまま。
2021-07-01,変わらない,企業,下北,食料品製造,去年の同時期よりは、若干いいと思うが、コロナ前に比べれば、まだまだ。
2021-07-01,変わらない,雇用,東青,新聞社求人広告,新型コロナウイルス感染症の収束がいまだみられない。
2021-07-01,やや悪くなっている,家計,県南,美容院,コロナの件で、出向き先がないとか、人との接触をさけているせいか、いつもの来店サイクルが長くなっています。
2021-07-01,やや悪くなっている,家計,県南,一般小売店,3カ月前はコロナワクチンは、医療関係者だけで人ごとだったが、６５才以上にワクチンの予約の知らせが来てからは、自分の事として認識し、以前より厳しくコロナを受け止めているから。
2021-07-01,悪くなっている,家計,津軽,パチンコ,売上が落ちているので。
2021-07-01,悪くなっている,家計,津軽,衣料専門店,来客数減少、売上減少。
2021-07-01,悪くなっている,家計,津軽,観光名所等,宿泊施設や料理飲食店を中心に客足が全くなく静まりかえっている。
2021-07-01,悪くなっている,家計,津軽,一般小売店,前の3カ月は前年比90%台でしたが、この3カ月は80%を切ってしまった。前年の6月までがキャッシュレスで5%バックがあったことにもよるが。
2021-07-01,悪くなっている,家計,津軽,住宅建設販売,建築木(住宅建築)では、ウッドショックに伴い、納期が遅れ始め、8月、9月以降の着工準備に影響が出ている。
2021-07-01,悪くなっている,家計,東青,競輪場,仕事環境の中での顧客の動向からみると入場者・売上の減少が続いているため「景気が悪くなっている」と回答したが普段の生活では、人出も多く逆に上向いている様に感じる。ただ4月から転勤で異動してきたばかりのため、その感覚が合っているのかは分からないが・・・
2021-07-01,悪くなっている,家計,東青,スナック,勿論コロナ禍のせいに決まっている、コロナが憎い。
2021-07-01,悪くなっている,家計,東青,一般小売店,春先の異動時期は否応なしの人流、購買はあったが落ち着いてしまった。
2021-07-01,やや悪くなっている,雇用,津軽,人材派遣,夏祭りも中止が決まり、街に活気が戻らない。
2021-07-01,やや悪くなっている,雇用,東青,人材派遣,人材オーダーが急激に減少したため。
2021-07-01,やや悪くなっている,企業,県南,食料品製造,先行きの不透明感。
2021-07-01,やや悪くなっている,企業,県南,経営コンサルタント,コロナの影響で中小の宿泊業、飲食業は壊滅的です。いいのは、運輸、大手小売りなどでしょうか？自粛空気が経済を停滞させていると思います。
2021-07-01,やや悪くなっている,企業,東青,食料品製造,取引先の注文がなくなった。
2021-07-01,やや悪くなっている,家計,下北,レストラン,売上が前年より落ちている為。
2021-07-01,やや悪くなっている,家計,下北,スーパー,今日までに発生が無かったが近隣にて発生したため。外出自粛が一気に加速し来店客数が減少し売上減とお買物時間が短い。
2021-07-01,変わらない,家計,下北,一般飲食店,ワクチンを全県民がやり終えたらすこしは安心感も出るかも知れませんが、今のところ3カ月前も今も状況は変わらないと思う。
2021-07-01,やや悪くなっている,家計,県南,設計事務所,持久戦が長引き、自分ではどうしようにもなくなっている。
2021-07-01,やや良くなっている,家計,東青,都市型ホテル,宿泊者の利用は徐々に増えているが、宴会・食事については戻っていない。一定の会議需要等は継続的にあるものの、一般企業、保険、金融、官公庁等の動きがなく、販路が狭い状況でこちらは回復していない。
2021-07-01,変わらない,家計,下北,コンビニ,ワクチンが進んできたから。
2021-07-01,変わらない,家計,東青,百貨店,4月・5月の市中感染拡大や、ワクチン接種を控える中での外出自粛が目立つ。
2021-07-01,やや良くなっている,雇用,県南,人材派遣,日々の仕事に関して、３カ月前と比較すると、内容・売上も上向きに動き出した感があるように思うから。
2021-07-01,やや良くなっている,企業,県南,飲料品製造,ワクチンの接種も徐々に進んできており、少しずつコロナに対する雰囲気も和らいでいる。閉めていた飲食店が再開したり、人出も若干ながら増えてきている気がする。
2021-07-01,やや良くなっている,企業,県南,電気機械製造,海外からの受注が好調で、取引のある県内企業も忙し目の話をよく聞く。
2021-07-01,やや良くなっている,企業,津軽,電気機械製造,生産のピークをむかえているため。
2021-07-01,やや良くなっている,企業,東青,経営コンサルタント,ワクチン接種が始まって自粛ムードが緩和され、購買活動が徐々に活発になりつつある。
2021-07-01,やや良くなっている,家計,県南,衣料専門店,コロナウイルス感染状況次第。八戸市は比較的に感染が収まっており、ワクチン接種も始まっている為。
2021-07-01,変わらない,家計,東青,美容院,全体的にコロナ禍に慣れて出歩く事が少なくなくなっているのでは。
2021-07-01,やや良くなっている,家計,県南,旅行代理店,少しずつですが、出張などの手配がでてきている。
2021-07-01,やや良くなっている,家計,津軽,商店街,少しは良くなってきている。
2021-07-01,やや良くなっている,家計,津軽,設計事務所,コロナの影響で控えていた計画も徐々に実行へとなってきています。
2021-07-01,やや良くなっている,家計,東青,商店街,厳しい寒さの影響で機器等の凍結による故障への修理及び買い替えへの対応が増加した。オリンピックや大リーグでの日本人の活躍を受けて、大型テレビの買い替え需要があった。高齢者のワクチン接種が進み、来客数が増加した。
2021-07-01,やや良くなっている,家計,東青,乗用車販売,当社でいえば車の販売業績も良く、お客様（法人様）の購入も今後の先を見据えて多くなってきた感があるため。
2021-07-01,やや良くなっている,家計,東青,ガソリンスタンド,コロナ禍の中での行動の仕方に慣れてきたのか、少しずつ人の流れが増えてきている。
2021-07-01,やや良くなっている,家計,東青,一般飲食店,4～5月青森市では介護施設で100人位のクラスターがあり、それに連鎖するようにクラスターが拡がっていき、市民は全く経済活動を止めてしまいました。あのようなことは今までなかったです。それから本当にしずかです。
2021-07-01,やや良くなっている,家計,東青,住宅建設販売,前年同期比、受注大幅増のため。
2021-07-01,やや良くなっている,家計,津軽,美容院,人流が段々と増えてきているように感じます。そのまま経済活動に繋がっているのでは？
2021-07-01,変わらない,家計,下北,ガソリンスタンド,新型コロナウイルスにより相変わらず飲食店、宿泊施設は厳しい状況が続いているようです。色々な会合でも懇親会はなく、お弁当を渡して終わるのが当たり前になってきました。
2021-07-01,変わらない,家計,東青,旅行代理店,景気が良くなっているとは感じない。
2021-07-01,変わらない,家計,東青,観光名所等,3カ月前も悪かったので同じ。緊急事態宣言によりツアーキャンセルあり。
2021-07-01,変わらない,家計,県南,観光名所等,3カ月前と同様、目立った変化がない。
2021-07-01,変わらない,家計,県南,家電量販店,昨年1年間コロナの影響が有るプラス要素に動いて来ていたなかで、今後少し落ちて行く事が予想されるがまだ下がって来ていない(前々年とその前の年との比較から）。
2021-07-01,変わらない,家計,県南,スーパー,ワクチン接種が始まったとしても、情況に変化はないと感じる。
2021-07-01,変わらない,家計,県南,ガソリンスタンド,高齢者へのワクチン接種が始まり、先行き明るさは感じられるものの、一般への接種が進まず、自粛傾向が続いていることから。
2021-07-01,変わらない,家計,県南,コンビニ,客数減少、客単価上昇の傾向は変わっていない。
2021-07-01,変わらない,家計,県南,一般飲食店,まだまだコロナ禍の最中なので、良くなる経済になるとは考えられない状態です。陽性者も増えたり減ったりユーザーも一喜一憂し、まだまだ外出するには警戒しているようです。
2021-07-01,変わらない,家計,県南,タクシー,想像していたほどの変化はない。ワクチン接種も2回目の接種を終えたら、もう少し人の動きが出てきてもいいのではないかと期待していたが残念。
2021-07-01,変わらない,家計,東青,設計事務所,曖昧な見方ですが職種によって偏っているのは確かです。その中で各々の活動範囲で鈍いながらも日々踏ん張って生き延びる経済活動が行われているように見受けられます。
2021-07-01,変わらない,家計,県南,スナック,一次会はOK、二次会はダメという状況に変わりない。
2021-07-01,変わらない,家計,県南,レストラン,飲食店はまだまだお客様の来店率が悪いです。郊外は来店率が良いけれど、市街は静まりかえっています。全く密にはなりません。
2021-07-01,変わらない,家計,津軽,レストラン,飲食店を利用するお客様が少ない。
2021-07-01,変わらない,家計,津軽,コンビニ,ワクチンがもっと進めば伸びると思う。お金を使うシーンが増す。
2021-07-01,変わらない,家計,津軽,都市型ホテル,観光・飲食業の景気は底のまま推移している。
2021-07-01,変わらない,家計,津軽,旅行代理店,まだまだ新型コロナウィルスの影響が景気に悪影響している。
2021-07-01,変わらない,家計,東青,コンビニ,客数や売上げが同じように思う。
2021-07-01,変わらない,家計,東青,タクシー,状況を考えれば仕方ありませんが、未だに昨年と同じ事を繰り返しているように思えます。インバウンドはもちろん県外からの旅行客も当てにならず、また県外者が県内へ入り込んでくる事に対してもノー・サンキュー感が強いままです。全般的に近場の温泉にでも宿泊旅行に行ってみようだとか、たまには家族で外食でもという気にもなれない状態に、この1年半ですっかり人間が慣らされてしまったようです。外出する事に不安を覚える方が多い以上、景気の回復はまだしばらく先の話になるのでないかと思います。
2021-07-01,変わらない,家計,県南,百貨店,前年は、一時金の支給で一瞬消費が上向いた時があったが、今年は要因が見当たらない。又、前年に引き続き七夕まつり、三社大祭など中止になっている。
2021-07-01,変わらない,家計,下北,都市型ホテル,相変わらず、新型コロナウイルスの関係で人の動きが停滞したままの状態が続いています。
2021-07-01,変わらない,家計,東青,観光型ホテル・旅館,依然、宿泊キャンペーンもなく旅行に対する意欲は低いまま。
2021-10-01,変わらない,家計,東青,一般飲食店,長く続く出控えによって来店されるお客様の数は増えません。むしろ後をひくのか様子を見ているのか、とにかく静かです。
2021-10-01,変わらない,家計,東青,観光型ホテル・旅館,ワクチン接種状況が進むにつれ少しずつ観光客は戻ってきてはいるが、相変わらず例年並みには程遠い状況である。
2021-10-01,変わらない,家計,東青,競輪場,職場が9月中コロナの影響で閉鎖されたため、お客の動向が把握できない。
2021-10-01,変わらない,家計,津軽,美容院,感染症に対する警戒感は依然変わらない。
2021-10-01,変わらない,家計,津軽,都市型ホテル,底を打ったまま推移している。
2021-10-01,変わらない,家計,津軽,レストラン,飲食店を利用されるお客様は3ヶ月前とだいたい同人数なので。
2021-10-01,変わらない,家計,津軽,衣料専門店,コロナで3カ月前も悪いので。
2021-10-01,変わらない,家計,津軽,住宅建設販売,動きが鈍化していると思うから。
2021-10-01,変わらない,家計,県南,商店街,コロナウイルスのワクチン接種は少しずつ進んでいるが、まだまだ未接種の方が圧倒的に多く、人の動きが感じられない。
2021-10-01,変わらない,家計,県南,百貨店,店の状況が悪くなっている（3カ月前より販売している商品のカテゴリーが減少している）ので、景気の上下と売上の減少との関連が判断つかない状況にある。
2021-10-01,変わらない,家計,県南,美容院,来店頻度があまり変化なく感じます。
2021-10-01,変わらない,家計,県南,タクシー,兎に角街に人が出てこない。出て来ても必要最小限の用事を足して帰る。緊急事態宣言が解除されても、以前と変わらず昼も夜も人がいない。
2021-10-01,変わらない,家計,県南,ガソリンスタンド,依然として、コロナ感染症の影響により。
2021-10-01,変わらない,家計,県南,スーパー,市を中心にコロナ感染拡大、ワクチン接種効果はまだ先。
2021-10-01,変わらない,家計,県南,観光名所等,3カ月前よりは、若干いいと思うが、まだまだ比較にならない。
2021-10-01,変わらない,家計,県南,設計事務所,同業他社の業績が下がっている。
2021-10-01,変わらない,家計,県南,一般小売店,コロナワクチン接種率が上がっているが、売上の回復と同調していない。
2021-10-01,変わらない,家計,下北,コンビニ,外に出歩かない。
2021-10-01,変わらない,家計,東青,コンビニ,コロナの影響かと思う。イベント会場やホテルなど利用客が少ない為かと。
2021-10-01,変わらない,家計,東青,タクシー,首都圏の緊急事態宣言の終了や青森県独自の制限プログラムは解除となりましたが、この1年半以上人にも会わず、行事も制限され、仕事&自宅の引きこもりの様な日々の暮らしに体が慣れ切ってしまった事と、まだぬぐい切れない今後に対する不安感が人々の行動を抑圧させているので、目に見える良い変化はすぐには表れてこないと思われます。
2021-10-01,変わらない,家計,東青,乗用車販売,先行きが見えない経済状況の中でやはり個人消費が落ち込んでいるようにみえるため。また、さまざまな食品等の値上げも個人消費には影響していると思うため。
2021-10-01,変わらない,家計,東青,一般小売店,９月の青森県独自のコロナ感染防止策が景気の減退に大きく影響した。
2021-10-01,やや良くなっている,家計,津軽,パチンコ,客数が増えてるから。
2021-10-01,やや良くなっている,家計,東青,衣料専門店,県内のコロナ感染者が急激に増えている反面ワクチン接種者が増えている事から安心感が出てきたようです。来店者の顔色も変わりました、将来に向かってよいムードです。
2021-10-01,やや良くなっている,家計,東青,旅行代理店,全国的にコロナ感染者も減少し、景気も上向きになっている様子。
2021-10-01,やや良くなっている,家計,東青,美容院,全体(コロナも含めて)に回りはじめているのはわかります。
2021-10-01,やや良くなっている,家計,東青,住宅建設販売,住宅の受注棟数の増加。住まい給付金や、住宅ローン減税に対する駆け込み需要の大幅増。
2021-10-01,良くなっている,家計,県南,スナック,ワクチンの接種率の上昇。
2021-10-01,良くなっている,家計,津軽,一般小売店,4月～6月は前年比78.3%であったが、7～9月は98.8%に回復した。
2021-10-01,やや良くなっている,家計,東青,商店街,街中を歩くお客様が増えてきた。スーツケースを引っ張る通行人も多いこと。
2021-10-01,変わらない,家計,下北,ガソリンスタンド,コロナ感染予防の為、旅行関係、飲食店は例年の半分以下なところが殆どのようです。夏祭りもなく、お盆の帰省客も全然でした。
2021-10-01,やや良くなっている,家計,県南,住宅建設販売,契約件数、金額ともに増加している。
2021-10-01,やや良くなっている,家計,下北,スーパー,ワクチン接種２回目を終えた方々が85％越えたこともあり、マスク等しっかり防護対策をした 子供から祖父母までの家族連れの外出機会が増え、活気が出てきている。孫へのお買物等自分以外への購入が増えてきています。
2021-10-01,やや良くなっている,家計,下北,都市型ホテル,都内の緊急事態宣言の解除、コロナワクチンの接種状況などにより人の流れが戻りつつある。
2021-10-01,やや良くなっている,企業,東青,広告・デザイン,県のコロナ対策解除、ワクチン接種の進行状況、国の行動制限緩和準備の動き等から。
2021-10-01,やや良くなっている,企業,県南,建設,ワクチン接種も2回を終えた人が多くなり、徐々に街中や様々な行動に人の動きが見えてきている。家族での飲食やゴルフ交遊など徐々に増えてきているように見える。
2021-10-01,やや良くなっている,企業,県南,経営コンサルタント,中小企業は、コロナ禍の中での経済活動に慣れてきた面はあります。クライアントの中には、巣ごもりで拡大した電子商取引を捉えて商圏を大きく広げた企業も多くあります。
2021-10-01,変わらない,家計,東青,卸売業,コロナウィルス感染者増にともない飲食店の酒類提供等制限が掛かり、売上減、スーパー等も天候等の影響を受け、飲料、ジュース等売上減になっている。
2021-10-01,変わらない,家計,東青,ガソリンスタンド,コロナ禍も落ち着いてきたが、以前の経済状況に回復するには、もう少し時間が必要。
2021-10-01,変わらない,家計,東青,設計事務所,国際イベントが大過なく終了しましたが地方には何らの経済的な恩恵、効果もなく寂しい限りです。テレビ観戦が唯一の楽しみ方でした。
2021-10-01,やや良くなっている,家計,県南,家電量販店,県内コロナ感染者の減少や気温低下に伴い、暖房商品の実績が伸びてきている。又、新型スマホ、格安スマホは好調で巣ごもり生活はまだ継続していると思われる。
2021-10-01,やや良くなっている,家計,津軽,設計事務所,新型コロナの影響で建設等の事業投資を控えていたクライアントが動き始めてると思います。
2021-10-01,変わらない,家計,下北,一般飲食店,今までがそうであったようにすぐには変わらない。
2021-10-01,変わらない,家計,下北,レストラン,一般カルトの来店はあるが、宴会需要が無いため。
2021-10-01,やや悪くなっている,企業,津軽,食料品製造,食品等物価が上がっている。
2021-10-01,やや悪くなっている,企業,津軽,飲料品製造,取引先からの聞取りで。
2021-10-01,やや悪くなっている,企業,津軽,電気機械製造,生産のピークが過ぎたため。
2021-10-01,やや悪くなっている,雇用,県南,新聞社求人広告,青森県内、特に八戸市でコロナ感染が広がり、イベンド中心に中止や、延期が相次いでいるため。
2021-10-01,悪くなっている,家計,東青,レストラン,解除になったからと言って首都圏のような動きがあるわけではない。
2021-10-01,悪くなっている,家計,東青,スナック,変わらず悪い毎日、灯りが見えませんがどうにか頑張っております。
2021-10-01,悪くなっている,家計,津軽,商店街,コロナ感染者がお盆以降増えたため。
2021-10-01,変わらない,家計,下北,タクシー,昨年コロナが始まってから下がったままです。
2021-10-01,悪くなっている,家計,津軽,コンビニ,クラスターが発生した影響で部活動など外出する事が無くなり売上は下降している。
2021-10-01,悪くなっている,家計,津軽,観光名所等,観光関連、サービス業の大半は静まり返っている。コロナ禍の影響でコロナ関連医療は超多忙ですが、その他の医療機関は手が空いていた。木材の値上がりや各種工事関連は忙しそうにみえた。嶽きみは売れ行き好調。本マグロ釣り禁止を残念がり立ち寄った客が数組時折みられた。
2021-10-01,悪くなっている,家計,県南,一般飲食店,当地でもコロナ陽性者が続出し、街中は閑散としており、自粛ムードで客先がガタ落ちの状態である。
2021-10-01,悪くなっている,家計,県南,卸売業,緊急事態宣言の為に人流がなくなった。
2021-10-01,悪くなっている,家計,県南,衣料専門店,8月以降の市内/県内のコロナ感染者増加による外出控えによる来館客数の減少。
2021-10-01,悪くなっている,企業,東青,食料品製造,海水温度の上昇や海上状況の影響で時化などが続き、入荷する魚がない状況が続いています。
2021-10-01,悪くなっている,企業,津軽,広告・デザイン,見積依頼の減少、売上額の減少、物件数の減少。
2021-10-01,悪くなっている,企業,下北,食料品製造,コロナ禍の中、9月は県、市町村の施設が閉鎖され売場も休業し、商品が動かない。
2021-10-01,悪くなっている,家計,津軽,観光型ホテル・旅館,休館中のため。
2021-10-01,やや悪くなっている,家計,下北,一般小売店,むつ市内もコロナが発生し、8月には大雨による災害が発生したため。
2021-10-01,やや悪くなっている,企業,津軽,経営コンサルタント,9月公共の施設関連が県の要請で閉鎖された影響で、９月の売り上げが悪化している事業所がある。飲食店では、いつの間にか閉店している店舗がちらほら見える。
2021-10-01,やや悪くなっている,家計,県南,パチンコ,8月くらいから全国的にコロナ感染拡大になり、9月には青森県でも急拡大した影響が出ている。
2021-10-01,変わらない,企業,東青,経営コンサルタント,3ケ月前のワクチン接種が始まりつつあった頃から比べると、ワクチン接種はかなり進んできている。自粛ムードはあるものの購買意欲は増加している。しかし、製造業及び車販売・百貨店・ホームセンター等の小売業の売上・利益が下降気味になりつつある。
2021-10-01,変わらない,企業,県南,電気機械製造,7～9月の東南アジアのロックダウンで部品の入手が難しい物が出ていて生産調整している。また、日本は緊急事態宣言が終わったが、引きつづき来県来社の方は少なくビジネスは停滞ぎみです。
2021-10-01,変わらない,企業,県南,飲料品製造,全国的なコロナ感染拡大第5波の影響で、ホテル、飲食店などの状況は改善せず。制限長期化でひきこもり需要も一頃より鈍くなっている感じがする。
2021-10-01,変わらない,企業,県南,紙・パルプ製造,新型コロナの緊急事態宣言等の制限は解除されたが、まだワクチン接種が完全に終了しておらず、生活に制約が残っている。
2021-10-01,変わらない,企業,県南,広告・デザイン,宣言解除となっても、すでに中止が決まっているイベントはそのまま。お客様も様子見状況で以前のような集客イベントは予定なし。
2021-10-01,変わらない,雇用,東青,新聞社求人広告,新型コロナウイルス感染の収束がみられず、感染拡大防止に重点をおいた社会、経済活動が続いている。
2021-10-01,やや悪くなっている,家計,県南,コンビニ,お盆頃からの気温の低下。コロナ感染者の増大。
2021-10-01,変わらない,雇用,津軽,新聞社求人広告,県の緊急対策が９月末で終了して公共施設などに活気が戻ってきたものの、景気は一進一退。
2021-10-01,変わらない,雇用,東青,人材派遣,企業からの求人が増加しているが、求職者が少なく人手不足の状態。しかし、景気の上向きによる求人増加なのかは不明であり、今後も景気が上向く要因の見当がつかないため。
2021-10-01,やや悪くなっている,家計,東青,百貨店,8月後半の感染症拡大以降、来店客数・売上とも大きく減。
2021-10-01,やや悪くなっている,家計,東青,都市型ホテル,緊急事態宣言の影響で、宿泊利用が減少し、宴会利用も更に入らなくなった。悪い状況で現状維持している。
2021-10-01,やや悪くなっている,家計,東青,パチンコ,コロナウイルスのワクチン接種が進んでいるのにお客様の戻りが悪い。
2021-10-01,やや悪くなっている,家計,東青,家電量販店,新型コロナウイルス感染者は減少傾向にあります。今まで制限されていた旅行、大規模なイベントは需要が伸びると見込まれますが、日々の暮らしに密着した商品を扱うホームセンターは節約志向が続き、厳しくなると予測されます。
2021-10-01,やや悪くなっている,家計,東青,観光名所等,8月は盛り返したものの、県の新型コロナ緊急対策により、9月の1ヶ月間休館したため。
2021-10-01,やや悪くなっている,家計,東青,スーパー,来店頻度が減り、客数減少。客単価も横ばいで厳しい状況が続いています。
2021-10-01,やや悪くなっている,家計,津軽,ガソリンスタンド,コロナウィルスの感染拡大防止に向けた行動自粛や企業の時短要請などにより販売数量の落ち込み。
2021-10-01,変わらない,雇用,津軽,人材派遣,最近若干感染者はやや少なくなっているようだが、相変わらず新型コロナ感染を警戒して外出を控えるケースが続いている模様。
2021-10-01,やや良くなっている,家計,津軽,一般飲食店,少しずつ県外のお客様が増えている。
2022-01-01,変わらない,家計,県南,美容院,固定客の割合が多いせいか、あまり変化は感じません。
2022-01-01,変わらない,家計,津軽,住宅建設販売,お客様の動向や、問合せ相談件数そのものがこれまでと変わらないから。
2022-01-01,変わらない,家計,県南,一般飲食店,まだ以前の様な状態に戻りつつ感じられるが、良い悪いの波があり、不安定な状態が続いている。
2022-01-01,変わらない,家計,県南,百貨店,中心街、郊外ともに駐車場が大変混雑している。年末年始で人が移動したからだと思うが、家族で買い物をする人が増えている。コロナ禍で、目的買いだけだったのが、買い物時間を楽しむ人が増え、滞留時間が長くなっている印象。県内はコロナ感染者が抑えられている為か、夜も飲食店は客数が戻っている。外出の機会が増え、ファッションの買い物をする若い女性が目立つ。
2022-01-01,やや良くなっている,家計,東青,卸売業,飲食店が3カ月前に比べて良くなってきている。酒類関係の出荷、中でもビール瓶が高くなっている。継続できる様にコロナ対策を今一度しっかりしたい。
2022-01-01,やや良くなっている,家計,県南,一般小売店,オミクロンは気になるものの、日本の情況は海外程、深刻では無い。
2022-01-01,やや良くなっている,家計,県南,衣料専門店,2021年9月までのコロナ禍と、10月からの感染低下状況により、店売上は急回復。10月～12月はほぼ2019年と同じ金額ベースの推移となっている。1月もオミクロン株の影響が上旬は無いので、10月～12月と同じく、2年前の金額ベースに近くなっている。但し、2019年10月～増税、暖冬あり。
2022-01-01,やや良くなっている,家計,県南,タクシー,一応、「コロナ」も落ち着いてきた様にみえる。また、年末年始で人が街に出てきた。そして、それなりに売り上げも上がった。
2022-01-01,良くなっている,家計,県南,レストラン,市内、県内の方が来店してくれるようになりました。3カ月前は県外の方が多かったのですが、県内の方が外食してくれるようになり、このまま賑わっていてほしいと思っています。
2022-01-01,悪くなっている,企業,津軽,電気機械製造,生産調整が入り、受注が減少している。
2022-01-01,悪くなっている,企業,津軽,広告・デザイン,売上高の減少、受注物件の減少等。
2022-01-01,悪くなっている,企業,津軽,食料品製造,値上げの嵐。
2022-01-01,悪くなっている,企業,東青,食料品製造,軒並みの値上げで諸経費がかさみ、販売価格に転嫁せざる得ない状況でも、零細企業の値上げはたいへん厳しい。
2022-01-01,悪くなっている,家計,県南,卸売業,コロナの拡大のために、予約を受けていた注文のキャンセルが続いている。
2022-01-01,悪くなっている,家計,県南,スナック,今は良いが、すぐだめになると思う。オミクロン株の話がすごいので。
2022-01-01,悪くなっている,家計,津軽,衣料専門店,去年の11月あたりから景気回復傾向に向かったが、今年のコロナ禍でまた悪くなってきた。
2022-01-01,悪くなっている,家計,津軽,スーパー,各業態、業種の値上げが大きく影響しているため。
2022-01-01,悪くなっている,家計,東青,タクシー,昨年の暮れは年末に向けて景気も上向き加減に転じかけたような肌感覚がありましたが、年末から現在(1月14日)もなお尾を引いている降雪災害とコロナウイルス・オミクロン株の全国的な増幅拡大により、せっかくの景気の回復基調もまた明らかに後退モードに転じてしまったようです。
2022-01-01,やや悪くなっている,雇用,津軽,新聞社求人広告,年末年始の寒波・大雪に加え、コロナ禍で出控える人が多く、正月商戦に影響した。その後も寒波続きで、燃料費や暖房費が家計を圧迫するようだと、個人消費の伸びは期待できない。
2022-01-01,やや悪くなっている,企業,県南,食料品製造,先行き不透明感からの消費控え。
2022-01-01,やや良くなっている,家計,下北,スーパー,色々な行政支援のほか、コロナの影響が少なくなったことにより、徐々に人との交流が広まり、外に出る機会が増え、関連するものが動き始めている。しかし、またコロナの蔓延により状況変化中。
2022-01-01,やや良くなっている,家計,下北,ガソリンスタンド,コロナのデルタ株が落ち着き、イベントも開催され、飲食店も元通りとまでは行かないが、持ち直したようでした。
2022-01-01,やや良くなっている,家計,下北,タクシー,一時的な状況かもしれませんが、外出する方が増えていると思います。
2022-01-01,やや良くなっている,企業,東青,経営コンサルタント,コロナ前と比べると、景気の回復はまだ追いついていないが、前年同月・3カ月前と比べると、徐々に景気は回復している。
2022-01-01,変わらない,家計,津軽,一般飲食店,オミクロン株の流行で先行きが見えない。
2022-01-01,変わらない,家計,津軽,ガソリンスタンド,新型コロナウイルス感染症第五波の影響が下火に向かっていた矢先に、第六波(オミクロン株)の感染拡大が懸念され、宿泊、飲食業はかなりのダメージを受けている。外出、行動自粛の規制から大変厳しい状況にある。
2022-01-01,変わらない,家計,津軽,旅行代理店,新型コロナウイルスの感染が再度増えたことにより。
2022-01-01,変わらない,家計,津軽,乗用車販売,コロナの影響による、景気停滞感が続いている。
2022-01-01,変わらない,家計,東青,スナック,変わらなく悪くなっていると思う。コロナが今度オミクロン。試練が続きます。
2022-01-01,変わらない,家計,東青,娯楽業,年末の大雪で客足が悪かった。
2022-01-01,変わらない,家計,東青,設計事務所,日々、生活の中で景気の多少の浮き沈みは起きているのかもしれない。しかし、その現象を感じる事は殆どなく、周りも平穏に推移している様に見える。仕事も少なからず、継続の状況にある。
2022-01-01,やや悪くなっている,家計,下北,都市型ホテル,一時期コロナウイルス感染症がやや落ち着き、わずかながら景気が上昇するような気配があったが、ここにきてのオミクロン株。また逆戻りです。
2022-01-01,変わらない,家計,東青,旅行代理店,コロナウイルスが収束せず、旅行計画等がキャンセルとなっているため。
2022-01-01,やや良くなっている,雇用,東青,人材派遣,業務量が増えたクライアント様からの人材オーダーが微増しているため。
2022-01-01,やや良くなっている,企業,下北,食料品製造,コロナがある程度、下火になりつつあり、人々の動きも出てきた。
2022-01-01,やや良くなっている,企業,県南,経営コンサルタント,ひところの自粛ムードもだいぶ収まり、経済活動も徐々に通常モードに戻りそう。あとは、企業の投資意欲が戻ればいいのだが。
2022-01-01,やや良くなっている,企業,県南,建設,会社の忘年会など大規模の開催はできていないが、ワクチン接種が進み、コロナ感染がある程度おさまってきたことから、ほとんどの会社では部署単位、又は、少人数の会食は許可がおりて、飲食店も3カ月前よりは景気がよくなったと思う。しかし、県内でもオミクロン感染が確認されたことで、やや良くなっているという進行形ではなく、やや良くなっていたの過去形が正しい表現となる。
2022-01-01,やや良くなっている,企業,県南,紙・パルプ製造,新型コロナは少し落ち着いてきたと思われ、経済や人の動きが少しずつ戻ってきた。但し、新たな変異株により、第6波が懸念される。
2022-01-01,やや良くなっている,企業,県南,飲料品製造,コロナ感染第5波が落ち着き、夜の町での飲食や団体の会合の懇親会なども少しずつ増えてきた。
2022-01-01,やや良くなっている,企業,東青,広告・デザイン,2022年1月の初売りで、来場、売上共に2020年1月並みの数字に戻ったクライアントが多かった。ただ、2019年1月には届かないということなので、そこが今後の景気回復尺度となるか。
2022-01-01,変わらない,家計,東青,都市型ホテル,県民割、GOTO等の施策が打ち出されるなか、オミクロン株が拡大し、第6波の懸念がある。
2022-01-01,やや悪くなっている,家計,県南,住宅建設販売,ウッドショックや政府の住宅政策の縮小による住宅受注客の減少。
2022-01-01,やや良くなっている,家計,県南,娯楽業,コロナ感染の収束に伴い、人の流動が良くなった。
2022-01-01,やや悪くなっている,家計,県南,乗用車販売,コロナの影響で自粛が続いており、外出の機会が減っている。
2022-01-01,やや良くなっている,家計,津軽,観光名所等,観光関連は多少底離れ。しかし、観光関連は力強さが見られない。オミクロン株の状況次第。GoToも遠のく。自動車は中古車の値上がりにビックリ！住宅関連も忙しそう。発注しても他の現場も未完成。
2022-01-01,やや良くなっている,家計,津軽,スナック,コロナ感染者の減少と年末で、少しずつお客さんが出始めている。
2022-01-01,やや良くなっている,家計,津軽,都市型ホテル,おでかけキャンペーン等で、やや客足が戻っている。
2022-01-01,やや良くなっている,家計,津軽,美容院,一時的にもコロナが収束した気配に社会の緊張がほぐれ、経済活動が再開したように感じる。
2022-01-01,やや良くなっている,家計,津軽,商店街,街に人が歩いてる姿を見るようになった。
2022-01-01,やや良くなっている,家計,津軽,設計事務所,建築設計の依頼は、12～3月にかけて受注量が多いです。
2022-01-01,やや良くなっている,家計,東青,レストラン,年末で、クリスマスやお節、忘年会の代わりに、お弁当やオードブルなどがよくでた。
2022-01-01,やや良くなっている,家計,東青,観光型ホテル・旅館,昨年9～10月比較すると、月を追う毎に改善している。県の宿泊キャンペーンの効果はやはり大きい。また、今後、隣県からエリア拡大を予定しているとのこと、これにもたいへん期待している。やはり、今後しばらくはキャンペーンや需要刺激策に頼る状況は続くと思う。
2022-01-01,やや良くなっている,家計,東青,コンビニ,多少、人の流れが多くなっている。
2022-01-01,やや良くなっている,家計,東青,商店街,この正月明けくらいまででいえば、全国的にコロナへの対応が落ち着いた感が行き届き、人の行き来、出入りが多くなってきており、それはすなわち経済活動の活発化に繋がっていると思われるため。
2022-01-01,やや良くなっている,家計,東青,観光名所等,入館者数が戻りつつある。9月に臨時休館していたので、10月の出足は弱かったが、11、12月は昨年並み。コロナ前の一昨年比で、10月は半分だが、11、12月は80～90％まで回復。
2022-01-01,やや悪くなっている,家計,県南,コンビニ,商品の値上げ。
2022-01-01,やや良くなっている,家計,東青,一般小売店,感染者数の激減が行動マインド、消費マインドに一定の好影響を与えている。
2022-01-01,やや良くなっている,家計,東青,一般飲食店,年末で需要があり、人の動きもあった。ただ、雪の影響もあって、天気の様子によっても、かなり経済は左右されるなと感じています。
2022-01-01,やや良くなっている,家計,東青,美容院,少しずつ、お客様の出歩くのが多くなり、お店にも顔を出すようになりました。
2022-01-01,やや良くなっている,家計,県南,商店街,新型オミクロン株の情報が比較的に楽観的に伝わっていて、あまり危機感を感じている人は多くないように感じるから。また、年末年始は帰省客が多かったように感じるから。
2022-01-01,やや良くなっている,家計,県南,旅行代理店,秋には修学旅行が実施され、全国的にコロナが落ちついていたので、一般の方々も旅行に出やすかった。
2022-01-01,やや良くなっている,家計,東青,家電量販店,官民一体となって推進したワクチン接種が順調に進み、新型コロナウイルス感染者数が減少したため、お買い物を楽しむ方や帰省客が増えたためです。
2022-01-01,変わらない,家計,県南,観光名所等,客入数、売上共に、変化が見られない。
2022-01-01,やや悪くなっている,家計,津軽,一般小売店,前年比のマイナス幅が前の3カ月前に比べ増えている。10月が商店街のプレミアム商品券で前年がよかった分、今期落ち込みが大きかった。
2022-01-01,変わらない,家計,県南,家電量販店,年末はガソリン・灯油代の高騰や、12月中旬以降は気温が低くなりましたが、暖房商品が苦戦。15才未満の世帯への現金給付もありましたが、急な売上増とはならなかった。
2022-01-01,やや悪くなっている,家計,津軽,コンビニ,売上げが上がる要因が無い。
2022-01-01,やや悪くなっている,家計,東青,スーパー,前年は巣ごもり、内食需要増で売上が堅調でしたが、その反動でかなり厳しい状況。
2022-01-01,やや悪くなっている,家計,東青,衣料専門店,夏以降の悪化するコロナ情勢が、年末以降も続いている。
2022-01-01,やや悪くなっている,家計,東青,住宅建設販売,市内豪雪のため。住宅に対しての税制優遇が無くなったため。
2022-01-01,やや悪くなっている,家計,東青,百貨店,9月後半から10月にかけて、やや持ち直した感があったが、11月・12月は前年に市内で商品券の発行もあり、前年キャッチするに至らず。
2022-01-01,やや悪くなっている,家計,津軽,家電量販店,商品の入荷＝品不足の影響が色濃くなった。
2022-01-01,やや悪くなっている,家計,津軽,レストラン,コロナ感染者がかなり増えているため。(1/12現在)
2022-01-01,変わらない,雇用,東青,新聞社求人広告,コロナ感染拡大が一時的に落ち着いたものの、いまだ様子見をしている状況と思われ、景気が回復していると実感できるほどの状況にはなっていない。
2022-01-01,変わらない,企業,県南,広告・デザイン,コロナが一旦、終息した様に見えるが、イコール、仕事(イベント等)が従来通りにあるとは思えない状況(様子見している状況がある)。
2022-01-01,変わらない,企業,県南,電気機械製造,国内海外共に、工場設備向けの受注が多いです。特に、欧州はクリーンエネルギー関連で盛り上がっていて、日本にも多くの発注が寄せられている。しかし、半導体不足で物作りの世界はすこし足かせをかけられている。
2022-01-01,変わらない,企業,津軽,経営コンサルタント,12月頃までは、県内の新型コロナウイルス発生も落ち着き、買い物客・飲食店等も少しずつ人出が回復しており、年末年始のホテル・旅館の利用者も以前のようにとはいかないまでも、昨年と比べると、各市町村や県の宿泊割引キャンペーン分は、即売に近い予約状況であったようです。市内の飲食キャンペーンの商品券が発売開始１時間余りで完売する様子でしたが、成人式後からクラスターが分散して、発生する状態となり、予定されていた新年会や例会・懇親会は相次いで中止、もしくは延期となっています。
2022-01-01,変わらない,家計,下北,コンビニ,売上が悪いまま。
2022-01-01,変わらない,雇用,県南,新聞社求人広告,業種にもよるが、コロナの影響が長引いているため。
2022-01-01,変わらない,家計,下北,一般飲食店,コロナ禍の中で、おうちで過ごす人が多くなり、なかなか出足が悪い。
2022-04-01,やや悪くなっている,雇用,東青,新聞社求人広告,社会、経済が、新型コロナウイルス感染防⽌対策を講じたうえで、コロナとの共⽣を模索しながら動きだしたところに、世界情勢が不安定になり、先⾏きが⾒通せなくなってきた。
2022-04-01,やや悪くなっている,企業,県南,建設,⻘森県はコロナ感染が⼀向に下⽕とならず、⾼⽌まりしていて、回復の兆しが全く⾒えていない。3月と4月は異動時期でありながら歓送迎会も⾏われない場合が多く、クラスターも毎⽇のように発表され、以前より悪くなっていると思われる。
2022-04-01,やや悪くなっている,企業,津軽,電気機械製造,仕事自体は新規モデルの⽣産がスタートしているため上向く⽅向にあるが、新型コロナウイルス・ウクライナ情勢・半導体不足等により先⾏きは不透明な状況である。
2022-04-01,やや悪くなっている,企業,津軽,⾷料品製造,あらゆる物の物価が⾼騰している。
2022-04-01,やや悪くなっている,家計,県南,⼀般小売店,原油⾼。ロシア、ウクライナ情勢。
2022-04-01,やや悪くなっている,家計,下北,⼀般小売店,いろいろな商品の値上げが相次いでいるが、それに伴い給与が上がっているわけでもなく、みなさん消費に消極的だと思う。
2022-04-01,やや悪くなっている,家計,県南,乗用⾞販売,コロナ禍の影響及び海外情勢の不安定さによる不安、原油⾼による⾷品、消耗品の値上げが悪影響している。
2022-04-01,やや悪くなっている,家計,県南,家電量販店,昨年と比較し、コロナ感染の影響もあり、来客数がやや減少している。
2022-04-01,やや悪くなっている,家計,県南,ガソリンスタンド,エネルギー(⽯油製品、ガス、電気)、⾷料品、その他の商品の価格上昇により、家計の状況は厳しくなっている。
2022-04-01,悪くなっている,家計,東青,⼀般飲⾷店,飲⾷する環境をいろいろ考え整えても、世の雰囲気が依然それを赦すようにならず、⼀喜⼀憂、⽇々の動向に左右されるのみだ。
2022-04-01,やや悪くなっている,企業,東青,⾷料品製造,水産業界は、非常に厳しい。水揚げも不安定で、コロナ禍で飲⾷業界のダメージがひたすら続いている。
2022-04-01,やや悪くなっている,家計,県南,住宅建設販売,イベント自粛もあり展示場来場客が減少した。
2022-04-01,悪くなっている,家計,県南,設計事務所,物価の上昇に社会のシステムが追いついていない。
2022-04-01,悪くなっている,家計,東青,レストラン,ようやく、⻑い冬が終り、これから春か来ると……コロナが、へらない!!
2022-04-01,悪くなっている,家計,東青,スナック,悪いです。3月4月は歓送迎会の時期で毎年多忙でしたが今年で三度目の厳しさには⼤変です。期待外れの毎⽇です。
2022-04-01,悪くなっている,家計,東青,タクシー,個人も企業もほぼ⼀様にコロナ禍の⻑期化で疲弊している事に加え、原材料費の⾼騰による諸物価の値上げに関した否定的な⾔葉を社内従業員やお客様からの⽣の声としてよく耳にするようになった。
2022-04-01,悪くなっている,家計,津軽,百貨店・スーパー,⾷品、灯油、ガソリン等、物価の⾼騰。
2022-04-01,悪くなっている,家計,津軽,⼀般小売店,令和４年1月期の回答で、11月・12月がコロナ感染者が減ってきて景気がもどりつつあるも、１月に入り、コロナ感染が急拡⼤しつつあるのと、⼤雪で景気が悪化しないか心配であると回答したが悪い⽅へ予想が当たった。
2022-04-01,悪くなっている,家計,県南,タクシー,昨年度末、今年度の初めはコロナも落ち着いて、これからはいいぞ頑張れるぞと思った⽮先、「オミクロン」。再び逆戻り。皆さん今まで以上に注意深くなった。
2022-04-01,悪くなっている,家計,県南,コンビニ,異常と思える程のコロナ感染者数のため。
2022-04-01,悪くなっている,家計,下北,コンビニ,新型コロナが終息しないから。
2022-04-01,悪くなっている,企業,東青,経営コンサルタント,ロシアによるウクライナ侵攻で原油価格の⾼騰、小⻨等の価格上昇があり、今年2月に入ってからは⽯油関連製品、⾷料品の値上げが顕著であり、様々な業種に影響がでている。
2022-04-01,悪くなっている,企業,県南,経営コンサルタント,年末年始は、コロナ感染者数も少なく、夜の人出も多く、飲⾷業においても、かなりの売上があったが、その後、感染者数の増加により、夜の人出が減少し、売上の減少傾向が、継続したままになっている。
2022-04-01,悪くなっている,企業,県南,⾷料品製造,モノの価格が全て上昇している。
2022-04-01,悪くなっている,企業,下北,⾷料品製造,コロナ、3回目の春を迎えました。私もそうですが、皆様も疲れてきているのでは。
2022-04-01,悪くなっている,雇用,津軽,新聞社求人広告,原油⾼やウクライナ情勢による輸入原材料の⾼騰で地域経済が冷え込んでいるほか、⾷料品の相次ぐ値上げで個人消費が落ちている。
2022-04-01,やや悪くなっている,家計,県南,娯楽業,コロナ感染症の増加に加え、原油価格・その他の値上げ、直接市⺠⽣活に影響があるものばかりです。景気も悪くなります。
2022-04-01,悪くなっている,家計,東青,家電量販店,多⽅⾯での物価上昇に伴い、個人商品の冷え込みが目⽴っております。
2022-04-01,やや悪くなっている,家計,県南,商店街,ロシア、ウクライナの問題が収束せず、⻑期化し物価等の値上がりが出てきている。また、蔓延防⽌の解除のため感染者が増加している。
2022-04-01,やや悪くなっている,雇用,県南,人材派遣,当社は多数の業界と取引をしているが、コロナウイルスの影響に加えて、いよいよロシア・ウクライナ情勢の影響もじわじわと出ているように感じる。
2022-04-01,やや悪くなっている,家計,津軽,住宅建設販売,お客様の建築意欲があり、⾏動意識も⾼いが、資材⾼騰により、予算が合わず、先延ばしとなるケースがある。
2022-04-01,変わらない,家計,津軽,スナック,蔓延防⽌重点措置が解除されましたが、まだコロナ感染者数は減少していない。
2022-04-01,変わらない,家計,東青,住宅建設販売,以前より、住宅契約件数が、微増ながら伸びたため。最近は、モデルハウスへの来場数、商談数増加などの、傾向がみられないため。（春になったが…）
2022-04-01,変わらない,家計,東青,設計事務所,今に⾄って市場景気は良くもあり悪くもありですが⽣活必需品の相次ぐ値上がりは我々の⽣活にダメージが少しずつこの先も覆いかぶさってきているのかも︕
2022-04-01,変わらない,家計,東青,旅⾏代理店,景気が良くなっている実感がない。
2022-04-01,変わらない,家計,東青,都市型ホテル,3ヶ月前はコロナ感染者が⼀時的に減少し、観光需要が戻りつつあった時期、またあおもりお出かけキャンペーンの影響で県内、市内のお客様に多くご利用いただきました。しかしながら年末年始、需要喚起対策を除くとコロナ前のような人の動きはあまり感じられません。
2022-04-01,変わらない,家計,東青,観光型ホテル・旅館,東北・北海道の各道県においては、⻘森県を除いて既に「県⺠割キャンペーン」が実施されており、⻘森県だけが遅れを取っている状況である。もちろん感染状況が⾼⽌まりの状況であることが理由であるが、有効な具体策を実施できていない現状で⻘森県経済だけが回復遅れている。
2022-04-01,変わらない,家計,東青,⼀般小売店,マンボウ解除で県内観光施設の営業が再開され、さあ、これから︕の⽮先の地震による東北新幹線の断線。陽性者数の数字は毎⽇のように記録更新。マインドも人流もアガっていない。
2022-04-01,変わらない,家計,東青,卸売業,飲⾷店への売上がまだ悪い。全体的に良くなっていない為。
2022-04-01,やや良くなっている,企業,県南,飲料品製造,コロナ禍で県内の感染者数が⾼⽌まりしているものの、徐々に人も動くようになってきた。以前よりは商品の出荷数量なども回復してきた。
2022-04-01,やや良くなっている,家計,下北,タクシー,1月はコロナの第6波がくる前で成人式等も⾏われ、明るい⽇常が戻ると思っていたが2月〜3月はオミクロンと⼤雪で外出にも気が引けるような⽇々で、4月になり、当市はコロナが収まり、⼤学も開校し、新規事業も市役所内で開業され、少しづつ、上向きになっていると思う。
2022-04-01,やや良くなっている,家計,下北,百貨店・スーパー,お買物時間が若⼲⻑めになってきてゆっくり買い物を楽しんでいられるため購買数がのびている。
2022-04-01,やや良くなっている,家計,県南,百貨店・スーパー,新型コロナウイルスの３回目のワクチン接種が進み、経済活動が活性化する可能性があるため。
2022-04-01,やや良くなっている,家計,県南,⾐料専門店,コロナウィルス感染者数が全国的にいったん落ち着きを⾒せ、イベント関連や公的⾏事も緩和され実施されるようになってきている。また、ファッション関係のアイテムの動きが良くなってきている。
2022-04-01,やや良くなっている,家計,県南,旅⾏代理店,ワクチン接種3回目が終わった⽅々が少し安心していることで、どこか旅⾏へ⾏きたいという気持ちになってきている。
2022-04-01,やや良くなっている,家計,津軽,家電量販店,第３Qより第４Q前半の売上⾼前年比が改善している。
2022-04-01,やや良くなっている,家計,津軽,観光名所等,前年比来客数が1.5倍になっております。
2022-04-01,やや良くなっている,家計,津軽,美容院,季節的な要因。
2022-04-01,やや良くなっている,家計,津軽,商店街,まん防が終わったので、人が街を歩くようになっています。
2022-04-01,やや良くなっている,家計,東青,⾐料専門店,単年度での売上に限れば良くなっている。
2022-04-01,やや良くなっている,家計,東青,娯楽業,３月の集客が多少であるが増えました。
2022-04-01,良くなっている,家計,津軽,設計事務所,来年度の仕事の依頼もあり休⽇返上でこなしている状態です。コロナで控えてたのがここにきて⼀⻫に動いたという感じでしょうか。
2022-04-01,良くなっている,家計,東青,観光名所等,2月末まで休館していたため。
2022-04-01,やや悪くなっている,家計,津軽,コンビニ,マンボウがあけても人の動きが無い為。
2022-04-01,変わらない,家計,津軽,乗用⾞販売,景気が停滞している。⾼額商品の買い控えが起きている。
2022-04-01,変わらない,家計,津軽,レストラン,どちらかというと悪くなっている。当地区のみまん防の影響で、休業した為。
2022-04-01,変わらない,企業,東青,建設,3か月前から業績が特に変わっていないため。
2022-04-01,変わらない,家計,県南,レストラン,相変わらず、市街に人がいない。閉店する⼤型店舗、なくなるイベント。このまま変わらないのではないかと不安である。
2022-04-01,やや悪くなっている,家計,津軽,⼀般飲⾷店,コロナ感染が減少傾向にないマスコミの報道で、市はまん延防⽌重点措置が解除になっても未だに客数が増えない。さらに、ロシアのウクライナ攻撃で多くの原材料・燃料価格が上がり、景気好転の兆しが⾒えてこない。
2022-04-01,やや悪くなっている,家計,津軽,ガソリンスタンド,個人消費の落ち込み。
2022-04-01,やや悪くなっている,家計,津軽,都市型ホテル,コロナ第6波によるまん防等の影響により、予約業務がほぼキャンセルとなった。
2022-04-01,やや悪くなっている,家計,東青,コンビニ,物価が値上りし客数も少ない。
2022-04-01,やや悪くなっている,家計,東青,商店街,3か月前の社会状況に加えて、国内の動向だけでは左右できない、国際的かつ⾝近に影響の⼤きい読み切れない経済的不安要素が⼤きく加わった。海外⽣産の滞りによる物流ストップの影響も確実に⼤きくなり始め購入マインドのある顧客に対しても商品が供給できない事象が急激に増え始めた。3か月前の、やや希望の持てる先⾏き⾒通しとは現在明らかに状況が異なってきているため、この回答とした。
2022-04-01,やや悪くなっている,家計,東青,美容院,コロナの感染人数によって⽇々、変わってます。
2022-04-01,変わらない,雇用,県南,新聞社求人広告,コロナ感染が⾼⽌まりしているため、イベント等が中⽌や延期の状況が続いているため。
2022-04-01,変わらない,雇用,津軽,人材派遣,新型コロナ感染者数が相変わらず減少しないことで、外⾷、観光等外出を控える傾向が続く。
2022-04-01,変わらない,雇用,東青,人材派遣,派遣求人の受注が減っており、⻑期勤務可能なものよりも官公庁の臨時職員等が増えている。
2022-04-01,変わらない,企業,県南,広告・デザイン,2年以上に及ぶコロナ禍で、企業や商店も厳しい売上状況が続き、企業体⼒が落ちている。広告費も吟味され、昔の様に簡単に発注できないようだ。
2022-04-01,変わらない,企業,県南,電気機械製造,停滞のままで変わっていない感じです。仕事はあっても人手不足で仕事量が⼗分にこなせない会社が多い。
2022-04-01,変わらない,家計,津軽,⾐料専門店,2年前から景気は良くなっていない。3ヶ月前も悪いから。
2022-04-01,変わらない,企業,津軽,広告・デザイン,悪い状況が続いている。⼯事物件が増えていない。⾒積り以来数が増えていない。
2022-04-01,変わらない,企業,県南,紙・パルプ製造,新型コロナの規制緩和はされているが、ロシアの侵攻問題により経済への不安。
2022-04-01,変わらない,家計,県南,百貨店・スーパー,コロナ罹患者が増え続けている為、飲⾷店関係のお客様の声は総じて厳しい。
2022-04-01,変わらない,家計,県南,⼀般飲⾷店,市でのコロナが中々減少しないことが⼤きな要因では。まだまだ続きそうであります。結果客足が伸びない、来店頻度の低迷につながっている。
2022-04-01,変わらない,家計,県南,観光名所等,売上も例年並みであり、⼤きな変化はみられない。
2022-04-01,変わらない,家計,県南,卸売業,商品注文件数が増えていないので。
2022-04-01,変わらない,家計,県南,美容院,来店頻度が⻑くなっている。外出や交流が少ないためかも。
2022-04-01,変わらない,家計,下北,⼀般飲⾷店,3ヶ月前と同様でコロナが出たと⾔えば街に出なくなりすこし回復ぎみとわかればいくらかは、足をはこぶ客もいるくらいです。
2022-04-01,変わらない,家計,下北,都市型ホテル,相変わらずコロナによる自粛ムードのまま、飲⾷を伴う会合はほぼ無いに等しい状況です。
2022-04-01,変わらない,企業,東青,広告・デザイン,新型コロナウイルス感染症拡⼤が落ち着かず、ウィズコロナで経済を回す手法が始まったのが最近のため。
2022-04-01,変わらない,企業,津軽,経営コンサルタント,新型コロナウイルスまん延からずっと影響が⼤きい冠婚葬祭関係は未だに改善が⾒られないが、あまり直接影響を受けないであろう業種でも全体的に売り上げが下がっている傾向にある。⼀⽅市内のスーパーやドラックストアの⼟⽇は、駐⾞場もいっぱいで買い物客の人出は多い。
2022-04-01,変わらない,家計,下北,ガソリンスタンド,コロナの感染が収まらず、依然としてこう着状態であるため。
2022-07-01,やや良くなっている,家計,県南,住宅建設販売,物価は上がっているが受注⾦額が伸びている。
2022-07-01,やや良くなっている,家計,県南,卸売業,少しずつ注文が増えてきていると感じる。
2022-07-01,やや良くなっている,家計,下北,百貨店・スーパー,ワクチン接種等でコロナ禍の影響が薄れ外出する機会が増加による消費。
2022-07-01,やや良くなっている,家計,下北,ガソリンスタンド,ホテル等での会合が段々増えてきました。宿泊者も増加し、予約を取るのが⼤変になって来ているようです。また、飲み屋でも混んできているという話を聞くので。
2022-07-01,やや良くなっている,家計,下北,タクシー,⾷品・消耗品等、生活に関わる物の値上げで苦しい所もありますが、学校・社会の活動が活発になり、イベントや⼈の流れも戻ってきていて活気があり、⾃由になるお⾦をやりくりして楽しんでいるように思えるから。
2022-07-01,やや良くなっている,企業,東青,経営コンサルタント,新型コロナウイルス対策による⾏動制限が緩和され、５月の連休は県内の飲⾷業・宿泊業は、コロナ禍前の９割近くまで回復があった事があげられるが、依然として、半導体不⾜、⽯油関連・穀物関連は値上がりが続いているため予断を許さない。
2022-07-01,やや良くなっている,企業,津軽,経営コンサルタント,会⾷の機会も多少増えているし、夜の繁華街にも⼈手が多少戻ってきている。弘前では特に若い⼈たちの夜の飲⾷店の利用が増えてきているし、タクシーも（絶対数が少ないのだが）つかまりにくくなっている。
2022-07-01,変わらない,家計,東青,コンビニ,物価が⾼くなっている為。
2022-07-01,やや良くなっている,企業,下北,⾷料品製造,値上げラッシュではあるが、それ以上に過去2年、この時期にはなかった⼈の往来がある。
2022-07-01,やや良くなっている,雇用,県南,新聞社求⼈広告,少しずつだがイベント等が復活して来ているため。
2022-07-01,変わらない,家計,東青,美容院,コロナなどもあると思いますが値上りなどが続いているので美容の⽅にも回数は少ないと思います。
2022-07-01,やや良くなっている,家計,県南,⾐料専門店,様々なイベントなどが再開されるようになり、多岐にわたる商品の需要が増えてきている。
2022-07-01,変わらない,家計,東青,設計事務所,地球規模での変動の影響は業種や職業に関わらずダメージを受けております。⼀律の⾒⽅はできませんがこの地域でさえも⽇用物価の値上がりは生活に直結して全てに覆いかぶさっております。
2022-07-01,変わらない,家計,津軽,設計事務所,予定している建築計画をこれ以上先延ばしできないという⽅もいるのではないでしょうか。出⼝の⾒えない資材の⾼騰状況ですので今のうちにという気持ちはあると思います。
2022-07-01,変わらない,家計,津軽,観光名所等,つい、2019までと比較してしまいます。当事業所は、通年を通して⾏事は勿論、すべて影響をうけている。今年の桜祭りは過去1度しか経験したことがない早咲きと、コロナで昨年同様、⼊園時の検査など今年も静か。恒例の桜祭り時の⼤型バスターミナル利用は不要でした。来訪者はいまだ回復していない。毎年の修学旅⾏などの団体客が4月と比較して少ない。
2022-07-01,変わらない,家計,津軽,娯楽業,特に変わっていないので。
2022-07-01,やや良くなっている,企業,県南,飲料品製造,会合の懇親会なども徐々に開催されるようになり、ホテル、飲⾷店なども積極的に営業活動も再開、徐々に夜の町にも⼈が出始めた。
2022-07-01,やや良くなっている,家計,県南,レストラン,県外からのお客様がふえている。
2022-07-01,やや良くなっている,家計,津軽,旅⾏代理店,旅⾏に⾏かれる⽅が増えている。
2022-07-01,やや良くなっている,家計,津軽,⼀般小売店,1〜3月は前年比でかなり悪かったが、4〜6月は前年より少しだけ良くなったので。
2022-07-01,良くなっている,家計,東青,観光名所等,来館者の増加。
2022-07-01,良くなっている,家計,東青,商店街,観光やビジネスでの県外客が5月の連休を境にどんどん増えている。新幹線も満席に近い状態が復活しつつあり、駅も混雑がみられる。暑さが早かったので夏物の動きも活発で早く、プレミアム券の後押しもあって消費マインドは好調に感じる。
2022-07-01,良くなっている,家計,東青,都市型ホテル,⻘森県お出かけキャンペーンの延⻑、ブロック割への拡⼤により東北⼀円のビジネス需要が⾼まっている。
2022-07-01,良くなっている,家計,県南,旅⾏代理店,修学旅⾏などの学校⾏事が戻ってきている。
2022-07-01,やや良くなっている,家計,東青,卸売業,飲⾷店向けの商品の受注が多くなっている。
2022-07-01,やや良くなっている,家計,東青,⼀般飲⾷店,比較的に3カ月前よりは⼈が動いてきているのですが未だ安定して客数が毎⽇あるという状態ではありません。コロナ、物価⾼いろいろ難題が多い。
2022-07-01,やや良くなっている,家計,東青,⼀般小売店,GWから初夏に向けて、それ以前と比べ明らかな⼈流増が⾒られるから。心配されたGW後の感染者増もさほどではなく、旅⾏や会合、飲⾷などでコロナ前と変わらない社会活動が戻ってきている。
2022-07-01,やや良くなっている,家計,東青,観光型ホテル・旅館,主にGW期間前後から、観光の宿泊が増えてきた。県⺠割の延⻑の効果は⼤きい。
2022-07-01,変わらない,家計,津軽,乗用⾞販売,新⾞購⼊の買い控えにより受注が回復しない。
2022-07-01,やや良くなっている,家計,東青,旅⾏代理店,仕事の量が増えてきて数字も上ってきている。
2022-07-01,やや良くなっている,家計,東青,娯楽業,若⼲ではあるが４月に⼊りお客様の戻りを感じます。
2022-07-01,やや良くなっている,家計,東青,百貨店・スーパー,コロナ対策規制緩和による社会⾏事、催事の再開、観光業界回復の兆し。
2022-07-01,やや良くなっている,家計,東青,⾐料専門店,コロナ騒動前と比べると全く良くないですが、昨対比を⾒ると上向き傾向です。当市はプレミアム商品券等で消費を刺激していますし、⼣刻の商店街の⼈通りも増えていますし、来店者の顔⾊も良いです。嬉しい。
2022-07-01,やや良くなっている,家計,東青,スナック,相変わらず厳しいですが、ようやく⼈出が多少なりと出て来ました。ただコロナ禍が心配です。個⼈で注意するだけです。
2022-07-01,やや良くなっている,家計,津軽,商店街,街に⼈(地元の⼈も観光の⼈も)が増えた。ウイルスの重症化率も減っているから。
2022-07-01,やや良くなっている,家計,津軽,観光型ホテル・旅館,⻘森おでかけキャンペーン実施により。
2022-07-01,やや良くなっている,家計,津軽,レストラン,観光客が利用する様になったため。
2022-07-01,やや良くなっている,家計,津軽,⾐料専門店,結婚式、会議、総会、会合などをする様になってきた。
2022-07-01,やや良くなっている,家計,東青,レストラン,ドン底は脱したのかな?
2022-07-01,変わらない,家計,津軽,ガソリンスタンド,燃料・⾷品等の販売価格が値上げに転じており、消費者が買い控えている状況である。
2022-07-01,変わらない,家計,県南,タクシー,⼀時期は良くなるのかなと⾔う期待を持ったけれども、全く期待外れ。県南地区はコロナ患者が減らない。あっという間にコロナ患者が増えだしてどこにも⾏けない。繁華街は淋しくなった。⼈影がまばらになった。
2022-07-01,やや悪くなっている,家計,県南,⼀般小売店,4月、5月(6月)とコロナ禍の前年比を下廻っている。
2022-07-01,やや悪くなっている,家計,県南,百貨店・スーパー,収まらない新型コロナウイルスの陽性者数、物価の上昇、電気料⾦の上昇、ロシアによるウクライナ侵攻が終わらずに、世界経済⾊んな面で良くない影響が出ているため。
2022-07-01,やや悪くなっている,家計,県南,ガソリンスタンド,燃料費⾼騰、物価上昇が顕著となり、企業は設備投資に慎重になり、個⼈消費は下押し圧⼒が強まっている。
2022-07-01,やや悪くなっている,家計,県南,家電量販店,燃料、電気料の値上げ、⾷材の値上などで購売意欲が上昇しないように⾒られる。また、上海ロックダウンにより⼊荷遅れ商品等の影響あり。
2022-07-01,やや悪くなっている,家計,県南,乗用⾞販売,コロナ禍の影響が緩和され、⾏動制限が⼀部解除されて来ているが、海外情勢の不安定が継続されており、その影響がガソリン⾼にはじまり、⾷品・生活用品にまで顕著に表れてきて、消費者の購買意欲が低下している。
2022-07-01,やや悪くなっている,家計,下北,コンビニ,コロナがまた感染が広がってきた。
2022-07-01,やや悪くなっている,家計,下北,都市型ホテル,やや終息に向かうかと思われたコロナウイルス感染症が、ここにきてまた拡⼤しだし⼈の動きに影響を与えている。
2022-07-01,やや悪くなっている,企業,東青,建設,物価⾼騰により「原価」が上がりすぎている。お客様の事業計画に支障が出てきている。
2022-07-01,やや悪くなっている,企業,県南,電気機械製造,鉄・ステンレス・銅など素材価格の⾼値、欧⽶の利上げによる⼯場投資の縮少⾒通し。
2022-07-01,変わらない,家計,津軽,住宅建設販売,建築資材の価格⾼騰により、買い控え、様⼦を⾒る動きも出て来た。来年以降に新築計画を延期する動き。
2022-07-01,悪くなっている,家計,東青,家電量販店,世界情勢の変化に伴うエネルギー価格の⾼騰により、物流費をはじめ多⽅面で物価上昇の動きが活発化しております。消費者の生活においてはガソリン代や光熱費、⽇用品や⾷品を中心とする値上げが連⽇報道されており、消費を抑え込む結果となっております。
2022-07-01,悪くなっている,家計,県南,設計事務所,収⼊は増えず、物価は⼤きく上昇している。
2022-07-01,悪くなっている,家計,県南,スナック,コロナがふえている。
2022-07-01,悪くなっている,企業,津軽,⾷料品製造,物の値上り。
2022-07-01,悪くなっている,企業,県南,建設,コロナも落ち着いて⾏動制限も緩和されたことで少し回復の兆しが⾒えていたが、円安の影響で生活用品、⾷料品、ガソリンなど生活の必需品がすべて値上がり。様々な費用を削っても生活できないレベルまで達してきた。
2022-07-01,悪くなっている,企業,県南,⾷料品製造,全てのコストが急上昇。
2022-07-01,悪くなっている,雇用,津軽,新聞社求⼈広告,光熱費や⾷料品等の値上がりで個⼈消費が落ちていて、外⾷や観光産業に影響している。
2022-07-01,やや悪くなっている,家計,県南,百貨店・スーパー,値上があらゆる部分に影響を及ぼし、節約志向に拍⾞が掛かっている。
2022-07-01,やや悪くなっている,家計,県南,娯楽業,多⽅面の値上げ、⾃由に使えるお⾦が減っている。週別の来店客数の差が目に付く。
2022-07-01,やや悪くなっている,雇用,津軽,⼈材派遣,私たちが生活する上で必要不可⽋な、電気料⾦、水道料⾦、ガス料⾦等の水道光熱費、そして⾷料品までもが⾼騰し生活を圧迫している。
2022-07-01,やや悪くなっている,家計,津軽,百貨店・スーパー,物価の上昇に対して、お客様の買上点数の減少と客単価の低迷。
2022-07-01,やや悪くなっている,家計,県南,商店街,コロナ禍の上に、更に生活に密接な⾷品や光熱費等が値上がりし、下がる⾒込みがないから。
2022-07-01,変わらない,家計,県南,美容院,来客の会話や買物などの印象からあまり変化は感じられない。
2022-07-01,変わらない,家計,県南,⼀般飲⾷店,景気は良くなりそうな気配はするが、コロナが減ったと思うとまた増加し、また、⾃粛ムードになったり、天候変化が著しく暑すぎたり、急に寒くなったりマイナス要因が抜けきらない感がする。なんと⾔っても物価上昇、利益がない中消費税だけはしっかり要求される。これが⼀番の負担、ますます疲弊する。結果撤退せざるを得ない状態になるかも。
2022-07-01,変わらない,家計,県南,観光名所等,客⼊数、売上共に⼤きな変化はみられない。
2022-07-01,変わらない,家計,県南,コンビニ,⼈手不⾜、コロナ何も変わっていない。
2022-07-01,変わらない,家計,下北,⼀般飲⾷店,コロナの影響はあるし、物価は上がるし良くなる要素がみあたらない。
2022-07-01,変わらない,企業,津軽,広告・デザイン,物価⾼に対しての給与が変わっていないため、家計を圧迫しているのがみてとれる。お付き合いのある企業様も飲⾷店等は多少賑わっているように⾒えるが、その実、コロナ対策補助⾦がなくなってしまったからこそ苦しくなっている面もある。よくなっているよりか変わらない、むしろ悪くなっていると感じている。
2022-07-01,変わらない,企業,津軽,電気機械製造,特に⼤きな変化が⾒られない。
2022-07-01,変わらない,企業,県南,紙・パルプ製造,新型コロナの感染再拡⼤とロシア侵攻問題、円安による物価⾼の影響。
2022-07-01,変わらない,雇用,東青,新聞社求⼈広告,新型コロナウイルス感染の収束がいまだ確かなものになっていないので経済の回復に勢いがつかない。また燃料⾼騰による負担増、各種商品の値上げ実施や値上げ予告が相次ぎ、消費⾏動を抑える⽅向に進んでいる。
2022-07-01,変わらない,企業,県南,広告・デザイン,円安、ウクライナとロシアの戦争と、コロナがおちついてきたところに新たな要因があり、経済が安定しない。また、⻑いコロナの影響が尾を引いて、コロナがおちついたから急に仕事が増えたということはない。
2022-07-01,変わらない,雇用,東青,⼈材派遣,あまり変化がなく、今後の感染拡⼤が懸念されるため。
2022-07-01,やや悪くなっている,家計,東青,住宅建設販売,⽊材、建築資材⾼騰、すべての物価が上がりつづけており住宅が⾼く、すぐに決めることが難しいから。
2022-07-01,やや悪くなっている,家計,東青,百貨店・スーパー,⾷品、ガソリン、電気料の値上げ、⾼騰もあり、⾷費に使えるお⾦が減っている。お客様の買い上げ点数が落ち込んでいる。
2022-07-01,やや悪くなっている,家計,東青,タクシー,せっかくコロナ禍も落ち着いてきたかのように⾒えた昨今ではありましたが、ここのところまた再び感染者の増加がメディアなどで取り上げられると、地元の⼈たちはまた再び家に引きこもり気味なってしまっていることや、やはり夜の街も以前よりは⾃由に出歩いてはいるものの家に帰る時間もやや早めで深夜までタクシーを走らせてもそれほどまでには売上も向上しないからです。
2022-07-01,やや悪くなっている,家計,津軽,卸売業,物価⾼のため仕⼊値が⾼騰。
2022-07-01,やや悪くなっている,家計,津軽,美容院,物価⾼や値上げラッシュの影響で財布の紐が固くなったように感じる。
2022-07-01,やや悪くなっている,家計,津軽,都市型ホテル,仕⼊価格の上昇が止まらないため。
2022-07-01,変わらない,企業,県南,経営コンサルタント,宿泊歓光、飲⾷業は、県の宿泊キャンペーン等により、回復傾向にあるが、原材料価格、エネルギー価格の上昇がすべての業種に⼤きな影響を及ぼしている。
2022-07-01,やや悪くなっている,家計,津軽,コンビニ,客数が減っている。
2022-10-01,やや良くなっている,家計,津軽,美容院,社会がコロナに慣れて外出する人が増えているように感じる。人出の混み具合がコロナ前に戻っているかのようだ。
2022-10-01,やや良くなっている,家計,津軽,スナック,コロナの⾏動制限がなくなり、７月から増えたコロナも少し落ち着いてきているので人流も少しずつ増えてきているような気がする。
2022-10-01,やや良くなっている,家計,津軽,観光名所等,コロナ禍の悪影響（東北六県で平均人⼝比較値が最多発症）、8月大雨洪水災害被害影響（奥⽻線不通、五能線不通、津軽線不通、⼗和⽥湖や⻄目屋⽩神の交通、住宅や農作物(リンゴ・⽶・嶽キミ等)の冠水の影響）がある一⽅で、３カ月前と比べると雲泥で観光客が良くなっている。
2022-10-01,やや良くなっている,家計,津軽,旅⾏代理店,コロナ第7波も落ち着き、⾏動制限が無くなった影響。
2022-10-01,やや良くなっている,家計,県南,一般飲⾷店,当然、コロナが落ち着きつつあることが大きな要因と思われます。結果人出が有り客数増につながっている。
2022-10-01,やや良くなっている,家計,県南,卸売業,以前よりも業務店からの注文が増えたように感じる。
2022-10-01,やや良くなっている,家計,津軽,商店街,街に人が出ている。コロナも8月〜9月より落ち着いているし、前ほど気にしていない。コロナ補助⾦のイベントや冬のイベントもあるので、景気は戻っている。
2022-10-01,やや良くなっている,家計,県南,タクシー,仕事で走っていると結構交通規制に合う。建築業関係とか建設業関係はいいのではないか。それに、一般の市⺠がもう少し出てくれるとうれしい。
2022-10-01,やや良くなっている,家計,県南,旅⾏代理店,おでかけキャンペーンの実施や海外渡航の緩和が影響していると思う。
2022-10-01,やや良くなっている,家計,津軽,レストラン,外⾷の需要が増えているのが感じられるから。
2022-10-01,やや良くなっている,家計,東青,⾐料専門店,"7,8月は昨対比良好であった。全県的に実施された集客事業(ねぶたなどの観光事業)が開催されたことからコロナの開放感が効果的であった。9月は自然災害がブレーキをかけた。"
2022-10-01,やや良くなっている,家計,東青,コンビニ,観光客が増えたり、イベント(コンサートなど)も少しずつあるかと思う。
2022-10-01,やや良くなっている,家計,東青,旅⾏代理店,人の動きが多くなり仕事の量が増えてきた。
2022-10-01,やや良くなっている,家計,東青,都市型ホテル,県⺠割実施により宿泊需要は非常に好調ですが、一⽅レストラン、宴会部門は大人数での宴会実施を自粛する業種もあり、コロナ前の状況には戻ることができていない。
2022-10-01,やや良くなっている,家計,東青,レストラン,少しですが団体のお客様の予約が入るようになった。
2022-10-01,やや良くなっている,家計,東青,商店街,3か月前というと、8月の夏祭り後の第8波の前で、コロナがおさまってきた感があった時期。ようやくいくらかの安⼼を持って、県内外の⾏き来を含め、人通りが回復していたが、暑さが8月には落ち着いてしまったため、夏商品に関しては、思ったほどの伸びがなかった。しかし、その後の急激な感染拡大にもかかわらず、恐れたほど重症者が増えなかったことや、感染のおさまり具合が割合早めに⾒えたことなどもあって、結果としては3年ぶりに開催できたねぶたの、人々のマインドを明るくする効果もあって、旅⾏割なども含め、県外との交流人⼝がさらに増えており、街の人気飲⾷店での⾏列が、継続して多く散⾒され続けていること等からそのように考える。
2022-10-01,やや良くなっている,家計,東青,一般飲⾷店,コロナ禍が続いて感覚的に悪い景気に慣れ過ぎていて少し客足が良くなってはいるが、まだ正常にもどるのに時間がかかりそう。
2022-10-01,良くなっている,家計,県南,⾐料専門店,コロナ感染が間違いなく収束に向かっている現状、徐々に景気も上向きになっていく事は間違いない。
2022-10-01,良くなっている,家計,津軽,一般飲⾷店,県外からのお客様が少しずつ戻ってきている。
2022-10-01,良くなっている,家計,東青,観光名所等,来館者の増加。あわせて団体旅⾏予約も回復傾向。
2022-10-01,良くなっている,家計,東青,一般小売店,夏祭り時期からお盆以降、コロナによる⾏動制限が無かった事が全て。
2022-10-01,良くなっている,家計,東青,卸売業,家庭用、業務用共に商品の出荷が多くなってきている。飲⾷店、観光地等人の動きが多く⾒られる様になってきている。
2022-10-01,やや良くなっている,家計,東青,百貨店・スーパー,国内イベント、⾏動制限緩和等。
2022-10-01,良くなっている,家計,津軽,設計事務所,市内の建設業者も人手が全く足りていないという状況です。建設資材が⾼騰していますがどういう訳か受注量も多いようです。設計業務においてもコロナ前より多いような気がします。当社も社員を増強する手配をしています。
2022-10-01,やや良くなっている,家計,下北,ガソリンスタンド,コロナも大分落ち着き、祭りも小規模でも⾏われ、コロナ前には及ばないが普段の生活に戻りつつあるため。
2022-10-01,やや良くなっている,家計,県南,レストラン,以前より、外⾷される⽅が増えました。スタンプラリーのイベントや、割引チケットを使う⽅がたくさんいらっしゃいます。会社の飲み会も出来る様になり、少しずつではありますが、宴会が増えてきました。
2022-10-01,変わらない,家計,下北,一般飲⾷店,当市の3か月前だとお盆とか3年ぶりにやった祭りとかあったのですがいろんな規制があったりしてコロナ前だとすごく忙しくて人出も多いしこのコロナでほんとうに町が死んでいるみたいです。
2022-10-01,変わらない,家計,県南,スナック,人が出ていない。
2022-10-01,変わらない,家計,県南,乗用⾞販売,海外情勢の不安定が継続されており、その影響がガソリン⾼にはじまり、電気料⾦まで値上がっている。10月から再度に渡り、⾷品・生活用品が値上がり、消費者の購買意欲が更に低下する。
2022-10-01,変わらない,家計,県南,観光名所等,客入数・売上共減少が続いているため。
2022-10-01,変わらない,家計,県南,家電量販店,ガソリン・灯油の値上や⾷材の値上報道が多く、消費全体が低下していると思われます。また、夏場の天候不順も影響あり。
2022-10-01,変わらない,家計,県南,ガソリンスタンド,物価上昇の中で、企業収⽀の改善は厳しく、個人の可処分所得は増加していないため。
2022-10-01,変わらない,家計,県南,百貨店・スーパー,「悪い」が変わっていない。コロナが鎮静化傾向でも、コストアップ、コストプッシュが異常で経営を圧迫している。
2022-10-01,変わらない,家計,津軽,ガソリンスタンド,原油⾼や原材料、⾷料品をはじめ公共料⾦等の値上げもあり、消費意欲が低下していると思う。
2022-10-01,変わらない,家計,津軽,乗用⾞販売,コロナ禍の⾏動制限の緩和などで景気はやや上向き傾向ではあるが、物価⾼などによる⾼額商品の停滞感は続いている。
2022-10-01,変わらない,家計,津軽,娯楽業,まだ大きく客足が変わらないから。
2022-10-01,変わらない,家計,東青,娯楽業,売上に特別変化が無いため。
2022-10-01,変わらない,家計,東青,娯楽業,相変わらず横ばい傾向です。
2022-10-01,変わらない,企業,津軽,広告・デザイン,取引先等での肌感ではまだまだ上向きになっているとは⾔えない、苦境が伝わってきているため。必要なものであっても経費の観点で、節約以上の節制を⾏っているように感じる。
2022-10-01,変わらない,家計,東青,設計事務所,各種建築専門業者は多忙にしておりその要因は仕事が増えているのもそうですが、職人不足、人手不足が大きいそうです。
2022-10-01,変わらない,家計,東青,観光型ホテル・旅館,県⺠割が継続され、今後全国旅⾏割が再開される⾒通しであり先⾏き明るいとはいえるが、⽀援策の今後が不透明なうえ現在も旅⾏割の詳細についてアナウンスなく現場は混乱している。この夏は個人客の動きが良く大変助かったが、相変わらず⽀援策の有無により予約状況が大きく変化するので、先を⾒通せない状態。また、期待されるインバウンド誘客は期待感はありながら交通再開⾒通しと誘客の具体策は相変わらず動きが遅い。
2022-10-01,変わらない,家計,東青,美容院,春頃には多少人の流れはありましたが、下がり気味のようです。
2022-10-01,やや良くなっている,雇用,県南,新聞社求人広告,ようやくここに来てイベント開催ができるようになってきたため。
2022-10-01,やや良くなっている,雇用,津軽,新聞社求人広告,物価⾼の中で、商店街が⾏政の販促⽀援などで頑張っている。県⺠割の期間延⻑もプラス要因。
2022-10-01,やや良くなっている,雇用,東青,人材派遣,人財不足で求人オーダーが少しずつ増えてきている。
2022-10-01,やや良くなっている,企業,県南,紙・パルプ製造,ロシア関連や円安による物価⾼等は続いているが、新型コロナ関係はやや小康状態になっており、海外の観光客の受け入れ等も拡大されてきた。
2022-10-01,やや良くなっている,企業,県南,飲料品製造,コロナ感染者も落ち着き、人の動きも出てきた。また旅⾏⽀援策や地元の補助⾦を活用した活性化事業なども進められている。また8月から直売所を開設したが観光客も少しづつではあるが確実に増えてきた。
2022-10-01,やや良くなっている,企業,津軽,経営コンサルタント,景気が良いとまでは⾔えないが、⼟⽇等の大型店舗等の駐⾞場はかなり埋まっているし、着実に人出は増えている。小規模のイベント等はあちこちで散⾒される。9月18⽇に3年ぶりに開催されたカルチャーロードも多くの人出があり、出店したある団体は前回（3年前）の売り上げとほぼ同程度の売上だったということだ。
2022-10-01,やや良くなっている,企業,東青,広告・デザイン,コロナの減少、国の経済優先への舵取り。
2022-10-01,やや良くなっている,企業,東青,経営コンサルタント,8月の豪雨により宿泊業でかなりの痛手を負った地域もあるが、3年ぶりの夏祭りの影響で宿泊業・小売業の景気はやや良くなっている。
2022-10-01,やや良くなっている,家計,下北,都市型ホテル,宿泊客は前年、前々年よりは確実に伸びてきている。宴会場利用については、未だ飲⾷を伴うものは少ないものの、街の雰囲気が変わりつつあると感じる。
2022-10-01,やや良くなっている,家計,下北,タクシー,婦人会や⽼人会で県内の⽇帰りツアーに⾏くような動きが⾒えてきて、少しずつ巣ごもりから抜け出しつつあるのかなぁ…と。市町村のイベント等も3年ぶりに再開というのも多く、人流が戻り活気も戻り、明るいニュースが多く⾒受けられます。
2022-10-01,変わらない,家計,東青,スナック,居酒屋は景気は良いみたいです。私達同年代のスナックは大変です。でも若いママさん達は忙しいと思います。
2022-10-01,やや良くなっている,家計,下北,百貨店・スーパー,コロナが落ち着いてきたことで外にでる意欲が上がり外出に関連した物の⽀出が増えた。
2022-10-01,変わらない,企業,県南,建設,円安や10月からの値上げラッシュで家計を直撃。少しでも節約しようと、値上がりする前にビールなどを大量に買い込む人が9月末に多く散⾒された。（自分を含む）
2022-10-01,変わらない,企業,県南,広告・デザイン,コロナも落ち着いた感がありますがすぐにビジネスにつながることはなく、コロナ融資を受けた企業の返済が始まり、厳しい状況になっているクライアントが多々あり、そこからは広告費は出ない。
2022-10-01,悪くなっている,企業,津軽,電気機械製造,物価が上昇しているから。
2022-10-01,悪くなっている,家計,県南,設計事務所,物価が上昇しているが、物は足りなく、仕事の単価は上がらないため。
2022-10-01,悪くなっている,家計,津軽,⾐料専門店,コロナ禍で外出しない。
2022-10-01,悪くなっている,家計,津軽,百貨店・スーパー,「物価上昇に対して賃⾦の増加が無い。（パートは除くとして）」と、他種業態の声も聞こえてくるので!
2022-10-01,悪くなっている,家計,東青,タクシー,物価⾼による個人消費の減退が最も強く感じとれます。⽇常の買い物だけに留まらず、⻘森もこれから寒くなって燃料費も必要な時期を迎えるので、この傾向は益々顕著になってくると思います。
2022-10-01,悪くなっている,家計,東青,家電量販店,ウクライナ危機による建材やエネルギー価格の上昇、また、円安に起因する輸入品物価の上昇が光熱費やガソリン価格、⾷料品等の値上げへと繋がり、消費⽀出は全体的に減少傾向にあるとみられるため。
2022-10-01,やや悪くなっている,雇用,県南,人材派遣,円⾼、燃料費⾼騰などの各業界に影響が⾒られる。
2022-10-01,やや悪くなっている,雇用,津軽,人材派遣,昨今の物価⾼の影響だと察しますが、買い物を控えたり低価格の商品を購入したりという光景が目につく。
2022-10-01,やや悪くなっている,企業,下北,⾷料品製造,コロナが落ち着き、人の動きが出て来ている反⾯、製品の値上げ、資材の値上げ、エネルギーの大幅値上げがこれからも続く⽅が影響が大きい。
2022-10-01,やや悪くなっている,企業,県南,⾷料品製造,全てのモノが値上げ。
2022-10-01,やや悪くなっている,企業,県南,電気機械製造,エネルギー不足・物価⾼が起こり、⽇本以外の国が⾦融引き締めに動いていることで、3か月前に比べ投資が抑えられ始めていると感じる。取引先からも明るい話が減った。
2022-10-01,やや悪くなっている,企業,津軽,⾷料品製造,物価⾼騰で買い控えをしている。
2022-10-01,変わらない,企業,県南,経営コンサルタント,コロナは、少し落ちつき、2、3か月前に比べると夜の街中は人出も増えてきて、飲⾷店の売り上げは増加しているが、一⽅で、大型店舗閉店で、未だに、美容院、⻭科医院等で人出減少の影響を受けている業種もある。
2022-10-01,やや悪くなっている,企業,東青,⾷料品製造,物価上昇が続いており 値上げやむなしとなっておりますが、水産商品は少しの値上げでも客離れが深刻です。水揚状況も水温が下がらずよくありません。非常に厳しいです。
2022-10-01,やや悪くなっている,家計,下北,コンビニ,暗いニュースばかりをマスコミが流すので消費が冷えきっている。
2022-10-01,やや悪くなっている,家計,県南,コンビニ,円安・物価⾼で先⾏き不透明。
2022-10-01,やや悪くなっている,家計,県南,美容院,来店頻度が低くなって来ています。
2022-10-01,やや悪くなっている,家計,県南,百貨店・スーパー,電気料・ガス代⾦の⾼騰により、家計負担が増えたため。⾷料品や⽇用品の値上げにより、家計負担が増えたため。
2022-10-01,やや悪くなっている,家計,県南,一般小売店,ほとんど全ての物価が上昇傾向なのに実質収入は多数の人が減少している。
2022-10-01,やや悪くなっている,家計,県南,商店街,各分野での値上げが決まっているため、暗い⾒通しとなっている。
2022-10-01,やや悪くなっている,家計,津軽,コンビニ,物価⾼でコンビニエンスストアの需要が減ったため。
2022-10-01,やや悪くなっている,家計,津軽,住宅建設販売,⾒学会開催来場者、展示場来場者が徐々に減って来ているから。
2022-10-01,やや悪くなっている,家計,津軽,都市型ホテル,コロナ第7波の影響が今出ている。
2022-10-01,やや悪くなっている,家計,津軽,卸売業,仕入れ価格は上昇したが、製品の販売価格の転嫁はまだほぼできていない。
2022-10-01,やや悪くなっている,家計,東青,百貨店・スーパー,コロナによる影響以上に、あらゆるものの値上げがお客様の節約志向に拍⾞をかけているため。
2022-10-01,変わらない,雇用,東青,新聞社求人広告,各種製品の値上げ、燃料価格の⾼⽌まり、社会情勢不安などから消費意欲が低迷している。
2022-10-01,やや悪くなっている,企業,東青,建設,資材⾼騰と人材不足で建設の原価が上昇しているが、お客様に価格転嫁ができていない。また建設業の場合は計画段階、契約から完成（納品）までの期間が⻑いので、令和元年頃の計画は軒並み変更（予算・⼯期）を余儀なくされている。
2022-10-01,やや良くなっている,家計,津軽,一般小売店,4－6月の前年比に比べて、7－9月はわずかではあるが、2.2％アップした。
2023-01-01,やや悪くなっている,家計,津軽,美容院,インフレの影響が⽇を追って重なり⽣活費が苦しくなっている。
2023-01-01,悪くなっている,企業,津軽,電気機械製造,業界（スマホ）の傾向で落込む時期ではあるが、近年に無い落ち込みとなっているため。
2023-01-01,やや良くなっている,家計,県南,卸売業,全体会議で売り上げが伸びているという報告が上がったため。
2023-01-01,やや良くなっている,家計,下北,百貨店・スーパー,ウィズコロナも徐々に浸透し外出の機会が増えることに伴い、身の回り品の買い物が増加しつつある。
2023-01-01,やや良くなっている,家計,下北,タクシー,コロナ禍とは言え、⾏動制限がなく、旅⾏⽀援の施策等で、⾃由に往来できているのでその分潤いはあちこちに出ていると思います。円⾼だった事で外国⼈旅⾏者や輸出⾯での外貨もプラスになった所もあると思います。
2023-01-01,やや良くなっている,家計,下北,都市型ホテル,年末には忘年会等を⾏う団体も少しづつではあるものの、増えてきています。また、宿泊のお客様も各旅⾏⽀援政策により、コロナ禍以前に戻りつつあります。
2023-01-01,やや良くなっている,企業,津軽,経営コンサルタント,相変わらず新型コロナウイルス感染はあっちこっちで聞くが、各事業所でも対応にある程度慣れてきたように感じる。買い物や飲食店の混み具合を⾒ると、来客数はコロナ禍前と変わらないだけに回復しているように感じる。飲食を伴う会合も以前と同様に開催されるようになり、開催⽇直前に中止の連絡が入るようなことはここ３か月においてはなくなった。
2023-01-01,やや良くなっている,企業,県南,飲料品製造,新型コロナウイルス感染者は⾼止まりしているが、⼈の動きが通常に戻ってきた。団体の懇親会もおこなわれるようになり、また飲食店の賑わいももどりつつある。
2023-01-01,やや良くなっている,企業,県南,建設,コロナでの外出や移動制限がなくなったことで、年末年始は忘年会や新年会の開催、帰省する⼈も多く⾒られ、ショッピングや初詣の⼈出も多かったことから景気も上向ムードだった。また全国旅⾏⽀援事業で来県された⼈も多かったこともあり、3カ月前と比較すると県内経済の活性化はあったのではないかと思う。
2023-01-01,やや良くなっている,企業,県南,経営コンサルタント,全国旅⾏割等の実施により、⼈流が増えて、観光、宿泊、飲食業の売上げが上昇してきている為。
2023-01-01,やや良くなっている,家計,県南,⼀般飲食店,やや良くなっているを選択したが、ちょっぴりだけ良いということです。と言うのも、コロナが収まりそうでまた出没する、このたびにユーザーが右往左往している感がする。その影響で良いときもあるが、ダメな時もある。もう少しの時が必要な感がする。
2023-01-01,やや良くなっている,雇用,東青,⼈材派遣,サービス関連企業からの⼈材問合せが微増しているため。
2023-01-01,変わらない,家計,東青,卸売業,良くなっていると思っていたが全体の売上げ、実績等を読むと昨年並みに留まっている状況。(家庭用、業務用)
2023-01-01,変わらない,家計,東青,百貨店・スーパー,販売点数の伸び悩み。
2023-01-01,変わらない,家計,東青,設計事務所,年末や新年の挨拶周りも訪れる⼈が制限されてる様⼦がうかがえる。この状況では経済活動にも相変わらず大きく影響があり⼈を通しての情報は得難い。
2023-01-01,変わらない,家計,東青,娯楽業,業績が回復しないまま⽇々過ぎている感じです。
2023-01-01,変わらない,家計,東青,娯楽業,来場されているお客さまの状況から様⼦、動向からは景気の良い、悪いは判断できません。実際売上は年々減少傾向が例年の動きとなっておりますが、ここ3ヶ月だけを比べると売上が大きく落ち込んでいないため、変わらない状況と回答しました。
2023-01-01,変わらない,家計,東青,百貨店・スーパー,コロナの新規感染者数の⾼止まりにも慣れてしまい、以前のようにコロナ罹患者数の増減によって、お客様の内食需要、買い物動向に変化がほとんどみられないため。
2023-01-01,変わらない,家計,東青,スナック,当地域の軽食レストランは割とお客様が多く安堵しましたね。平⽇お客様と連絡ランチ致しました。若カップル、中年カップル沢⼭いらっしいました。
2023-01-01,変わらない,家計,津軽,⼀般飲食店,コロナ感染報道が変わらずにされているため。
2023-01-01,やや良くなっている,雇用,県南,⼈材派遣,取引先の業種・業界により景気観は様々だが、求⼈の依頼は増加傾向（業務増加）にあるため、景気が上向いている様に感じる。
2023-01-01,変わらない,家計,津軽,スナック,まだ、コロナの影響がある。
2023-01-01,やや良くなっている,家計,県南,タクシー,新型コロナをあまり気にしなくなって街に出るようになってきた。年度末で、⼈の動きや商品の動きなど活発になっている。
2023-01-01,やや良くなっている,家計,津軽,レストラン,全国⽀援割引等により、観光のお客様が増えている。⽀援クーポンは、⻘森県では、ほとんどが飲食店での利用となっている為来店客はかなりありました。
2023-01-01,悪くなっている,雇用,東青,新聞社求⼈広告,止まらない物価上昇、燃料価格の⾼止まり、社会情勢不安で消費意欲がますます冷え込んでいる。
2023-01-01,良くなっている,家計,津軽,観光名所等,⻘森お出かけキャンペーン、プレミアム商品券、わが事業者はこれらの効果がすごかった。三村知事の香港表敬訪問と誘客効果で当施設に毎⽇香港からのバスが来場。
2023-01-01,良くなっている,家計,県南,レストラン,お客様が増えました。(おでかけクーポンの利用できる店舗である事も影響があるかもしれません。)仕事で当市に来ている⽅の来店が多いように思います。
2023-01-01,良くなっている,家計,県南,旅⾏代理店,⾏動制限緩和により旅⾏や帰郷などの動きが活発になった。海外渡航については団体ツアーでも集客ができるようになってきた。
2023-01-01,良くなっている,企業,東青,広告・デザイン,ウィズコロナ⽣活の恒常化で、消費者の⽣活⾏動が以前に戻りつつあり購買意欲も削がれていない。物価⾼騰に関しても、コロナの⻑期化対策をも含む国・⾏政の「選択と集中」の各種交付⾦対策が施され、その効果が表れている感がある。
2023-01-01,やや良くなっている,家計,東青,⾐料専門店,景気は“気”から。以前より報道がコロナ禍を煽らなくなってきたことと旅⾏クーポン発⾏など政府も景気対策をしてきたことから来店のお客様も購買欲が増している。
2023-01-01,やや良くなっている,家計,東青,観光名所等,来館者がコロナ禍以前（2019年）よりも増えているので。
2023-01-01,やや良くなっている,家計,東青,⼀般飲食店,年末年始で⼈が移動、帰省していて、その分の需要が先年よりあったように思います。
2023-01-01,やや良くなっている,家計,県南,百貨店・スーパー,コロナウイルスによる⾏動制限が緩和され、お客様の⾏動範囲が確実に広がっている。
2023-01-01,やや良くなっている,家計,東青,商店街,コロナへの⼈々の対応も落ち着きを⾒せ、県外からの来店客も含め、⼈の動きが多く活発になって、経済が回り始めているように感じる。
2023-01-01,やや良くなっている,家計,東青,美容院,年末という事で⼈の流れもありました。
2023-01-01,やや良くなっている,家計,東青,家電量販店,食料品や光熱費など、毎⽇の⽣活に最低限⽋かせない品目の値上げにより、消費者の⽣活を圧迫する⽇々が続いておりますが、⼀⽅では、コロナ下での⽣活はすでに定着しており、国や県による旅⾏・観光⽀援等を利用してこれらの娯楽に⽀出を充てる消費者も増加の傾向にあり、物価⾼の風潮においても景気はやや良くなってきていると思われます。
2023-01-01,やや良くなっている,家計,東青,旅⾏代理店,おでかけキャンペーンもあり、⼈の動きが活発になってきた。
2023-01-01,やや良くなっている,家計,津軽,娯楽業,コロナ禍でも、外出している⼈が増えていて少しずつ経済が回っていると思う。
2023-01-01,やや良くなっている,家計,津軽,観光型ホテル・旅館,全国割+キャンペーンの併用プランをご利用されるお客様が増えた。
2023-01-01,やや良くなっている,家計,津軽,設計事務所,建築業界では新規工事に於いて鉄骨工事等業者が押さえられないという状態らしいです。規模によっては他県の業者を探すというくらい仕事量が多いと聞いています。鉄骨業者に限らず建築関係の工事業者は今年度の仕事が確定しているようです。昨年から業務が目に⾒えて増加してる感じがしておりましたが今年は更に増している感じがします。
2023-01-01,やや良くなっている,家計,津軽,商店街,年末年始あたりということもあり、財布のヒモがゆるい。福袋やセール、補助⾦事業のお買い物券が効果的だった。
2023-01-01,やや良くなっている,家計,津軽,旅⾏代理店,旅⾏の需要が増している。
2023-01-01,やや良くなっている,家計,東青,都市型ホテル,時期的に当市は観光の閑散期ではあるが、全国旅⾏⽀援による旅⾏需要喚起効果や、インバウンド旅⾏者の増加を感じる。
2023-01-01,変わらない,家計,津軽,ガソリンスタンド,新型コロナウイルス第８波により感染者が増加したこと、また食品・公共料⾦等の値上げから消費動向は３か月前と比べ良くなっているとは感じない。
2023-01-01,やや良くなっている,家計,県南,コンビニ,コロナ禍の中で⾏動制限が緩和され⼈流が活発になっている。
2023-01-01,変わらない,家計,県南,百貨店・スーパー,悪いままで変わっていないと感じる。コスト上昇が経営を圧迫し、今後更に負担増になる。
2023-01-01,やや悪くなっている,家計,下北,ガソリンスタンド,昨年に比べるとコロナに対する閉塞感も緩和され良く成ってきていると思いますが、３ヶ月前に比べるとコロナ感染者も増えているので忘新年会もそれ程でもなかったようですし、物価の⾼騰で買い控えもあると思います。
2023-01-01,やや悪くなっている,家計,下北,コンビニ,年末年始も客類が少ない。必要な物だけ買っている。
2023-01-01,やや悪くなっている,企業,東青,建設,資材⾼騰と⼈手不⾜で深刻な影響が出てきています。
2023-01-01,やや悪くなっている,企業,津軽,広告・デザイン,webサイト制作等で観光関係の事業者様とお仕事をさせていただいているが、補助⾦等を理由に制作の⽀払いを猶予して欲しい等のご相談がありました。同様に飲食店等のテナントを運営管理している⽅々もまだ、コロナ影響下にあり、厳しい状況が続いていると話を聞くことがあります。体感として前向きな要素は少なく感じています。
2023-01-01,やや悪くなっている,企業,県南,電気機械製造,物価⾼、エネルギー費⾼で家計や企業の資⾦が圧迫されている。増税もあり、良い話がない。
2023-01-01,やや悪くなっている,企業,県南,食料品製造,物価⾼。
2023-01-01,やや悪くなっている,企業,下北,食料品製造,相次ぐ値上げの反動で、数字は伸びているが、それは値上げ分。利益が値上げ前より取れていない。
2023-01-01,やや悪くなっている,雇用,東青,求⼈情報誌,物価⾼。
2023-01-01,やや悪くなっている,家計,下北,⼀般飲食店,ありとあらゆる物の値段が上り、給料は変わらずで財布の紐が堅い。
2023-01-01,やや悪くなっている,雇用,津軽,新聞社求⼈広告,物価の⾼騰で個⼈消費が伸び悩んでいる。暖房費がかさんで冬場は厳しい。
2023-01-01,悪くなっている,家計,東青,タクシー,３年ぶりとなる⾏動制限のない年末年始の帰省移動こそ多かったものの、各家庭でおせちを作るよりも既製品で代用したほうが無駄が少ないといった風潮が多く感じられた年末年始であった。相変わらず諸物価の上昇は止まらずひたすら⽣活防衛といったことを中心に物事を考える⽅も増え経済の廻りがよどんでいる様に思えるため。
2023-01-01,悪くなっている,家計,東青,観光型ホテル・旅館,年明けから全国旅⾏割が再開されたのは大変有難いが、補助率が下がったことに加え、いつもながら開始アナウンスが遅く新規予約数上積みの⾜を引っ張っている。更に、今回は地域クーポンが電⼦のみとなった点についての認知度が大変低く、前回にも増して現場の業務負荷が深刻になっており、参加そのものを⾒送る施設もたいへん増えてしまった。
2023-01-01,悪くなっている,家計,津軽,百貨店・スーパー,物価の上昇、その為に賃⾦の上乗せ、⾒直しが取りざたされているが、本当に円滑なサイクルになるかが不安。
2023-01-01,悪くなっている,家計,津軽,⾐料専門店,コロナ禍で外食、宴会をしない。
2023-01-01,悪くなっている,家計,県南,スナック,出かけない癖がついてしまっている。出るのがおっくうになってきている。
2023-01-01,悪くなっている,家計,県南,百貨店・スーパー,収入が増えていないのに、食料品や電気・ガス料⾦の値上げ、社会保険料の負担増等により⽀出が増えているから。新型コロナの感染拡大により閉塞感があり、まだまだ⾃由に旅⾏ができず、外食に出かけられないから。
2023-01-01,変わらない,家計,津軽,乗用⾞販売,物価上昇による買い控え等により景気が停滞していく。
2023-01-01,悪くなっている,企業,津軽,食料品製造,あらゆる物の価格上昇による買い渋り。
2023-01-01,悪くなっている,家計,東青,コンビニ,物価⾼の為だと思います。
2023-01-01,やや悪くなっている,家計,県南,商店街,油(燃料)関係の値上がりと今後は電気の値上げが控えているから。
2023-01-01,悪くなっている,家計,県南,設計事務所,物価⾼は深刻化しており、経済活動が鈍っていると感じている。
2023-01-01,やや悪くなっている,家計,県南,住宅建設販売,⾼額商品（住宅・⾞）の販売で最近売れない話をよく⽿にする。
2023-01-01,やや悪くなっている,家計,県南,家電量販店,物価⾼、電気代などの値上げなどで買い物に対し慎重と思われます。
2023-01-01,変わらない,家計,県南,ガソリンスタンド,往来も多くなり回復傾向にあると思われるが、個⼈消費は物価の上昇もあり、大きく変わらないと思う。
2023-01-01,変わらない,家計,県南,乗用⾞販売,原油・原材料等の⾼騰で、食料品及び⽣活用品にまで影響が続いており、消費全体が低下から抜け出せていない。
2023-01-01,変わらない,家計,県南,美容院,来店間隔が少しずつ⻑くなっている様です。
2023-01-01,変わらない,家計,県南,⼀般小売店,円安が回復傾向にあるが、諸物価の⾼騰で相殺されている。
2023-01-01,変わらない,家計,下北,スナック,会社で2次会がまだできない会社が有るので。
2023-01-01,変わらない,企業,東青,経営コンサルタント,燃料・原材料価格、電気料等の物価上昇が⾼くなっており、企業の利益が減少し、賃⾦が上がらず消費が伸びなくなっている。
2023-01-01,変わらない,企業,東青,食料品製造,値上げに慣れてきたので致し⽅ないと感じで購入する状況でしたが、⽔道光熱費の値上げがかなり響いてきたようで購買意欲が落ちているのを実感しています。
2023-01-01,変わらない,企業,県南,広告・デザイン,業種にもよると思うが、広告業に関しては、まだ経費(広告費)を、コロナ前の様に掛けれない企業が多い(特に中小企業)年末年始の広告も地元企業は少なかった様に思う。
2023-01-01,変わらない,企業,県南,紙・パルプ製造,悪くはないが、3ヶ月前とほぼ変わらない。
2023-01-01,変わらない,家計,県南,観光名所等,客入数、売上共に減少が続いているため。
2023-01-01,やや悪くなっている,家計,東青,⼀般小売店,「全国旅⾏⽀援」効果が爆発した前期と比べて⼀服感は否めない。今月中旬から再開されるも、季節的な要因も手伝ってか秋ほど売り上げに結び付いていないようだ。
2023-01-01,やや悪くなっている,家計,東青,レストラン,大きな年末のイベントも終わり、雪もこれから多くなりそうなので……。
2023-01-01,やや悪くなっている,家計,津軽,⼀般小売店,７〜９月期は前年比がプラスでしたが、１０〜１２月期はわずかですがマイナスでした。
2023-01-01,やや悪くなっている,家計,津軽,都市型ホテル,新型コロナの流⾏が続き、諸物価⾼騰が収益を圧迫している。
2023-01-01,やや悪くなっている,家計,津軽,住宅建設販売,住宅の新築ですが、建築予定があっても、時期・実⾏を定められない⽅が多くなった。
2023-01-01,やや悪くなっている,家計,津軽,コンビニ,ドラッグストアやスーパーがコンビニエンスストアに大きく影響しています。年末年始に⼈が動けば良いと思います。イベント、観光があれば良いのですが。
2023-01-01,変わらない,雇用,県南,新聞社求⼈広告,ウィズコロナでイベント等の復活は⾒られるが物価⾼で良くも悪くもない状態。
2023-04-01,やや悪くなっている,家計,県南,コンビニ,電気代、物価の上昇。
2023-04-01,やや悪くなっている,家計,県南,百貨店・スーパー,電気料金が天文学的数字な為。生活に直接関連している食料品の値上がりがたくさんある為。上記に見合った収入には、必ずしもなっていないと感じる為。一部の報道ではN%アップとか、N円増とありますが、当地方は元々の金額が低いと感じます。
2023-04-01,やや悪くなっている,家計,県南,美容院,食材の高値のせいか、来店期間が若干伸びている様に感じる。
2023-04-01,やや悪くなっている,家計,東青,レストラン,4月に入ってから、材料の値上げなど、一般の商品も、値上げ続きで外食も値上げしてるので、慣れるまで、控えるのかな？
2023-04-01,やや悪くなっている,家計,東青,娯楽業,最近の売上状況は、3ヵ月前と比較すると全体的に下がってきているため。2月下旬頃から、そのような状況となっている。
2023-04-01,変わらない,雇用,県南,人材派遣,私の業種（人材紹介業）からすると、求人の依頼数は多いので、一見すると景気が良い感じもするが、実際には人手も足りていない現場（お客様）も多く、また昨今の材料・燃料高騰の影響もあり、苦労している企業様が多い様に感じます。
2023-04-01,変わらない,家計,県南,タクシー,コロナも多少も落ち着きを見せ始め、会社の業績もコロナ前（2019年以前）にゆっくり、ゆっくりと戻りつつあることは確かだか、為替の影響、ウクライナ紛争など多くの問題による物価の高騰など、生活面では決して景気が良くなっていると実感できる状態ではないと思われる。
2023-04-01,変わらない,雇用,東青,新聞社求人広告,値上がり品目の増加、社会情勢不安などによる消費意欲の低迷が続いている。
2023-04-01,変わらない,企業,県南,広告・デザイン,コロナも落ちつき、イベントもやる様になってきましたが売上的にコロナ前に比べれば厳しいと言わざるを得ない。
2023-04-01,変わらない,企業,東青,経営コンサルタント,"コロナの影響がやや軽減され、全国旅行支援の後押しもあり、観光客は戻りつつある。物価高に備えるため、インフレ手当等を支給する企業も出始めており、景気の上向き感があるものの、食品の相次ぐ値上げが続き、4月は約5,000品目の値上げがあり、景気の上向き感を帳消しにしていると思われる。"
2023-04-01,変わらない,企業,東青,食料品製造,コロナの規制緩和で観光客、帰省客は増加しているようです。しかしながら各種の値上げがあり、特に食品に関しては財布の紐は非常に厳しい状況に感じます。
2023-04-01,変わらない,家計,下北,ガソリンスタンド,コロナが収まったかと思ったら物価高。それに加えて選挙続きで夜の会合を控える動きもあるので一長一短といった感じではないでしょうか！？
2023-04-01,変わらない,家計,下北,一般飲食店,都会や大きな町のように観光客も来る気配もないし町自体がすたるような気がします。勝気がない。
2023-04-01,変わらない,家計,下北,タクシー,物価高・燃料高騰でも、給料は変わらない為。
2023-04-01,変わらない,家計,県南,商店街,電気料金の値上げが未決定、また、ほとんどの商品が値上がり傾向にあるから。
2023-04-01,やや悪くなっている,家計,下北,コンビニ,玉で買いにくるお客さんが増えた。
2023-04-01,変わらない,家計,県南,乗用車販売,原油・原材料等の高騰で、食料品及び生活用品にまで影響が続いており、4月から再度に渡り、食品・生活用品が値上がり、消費者の購買意欲が低下する。
2023-04-01,変わらない,家計,県南,家電量販店,3月、4月は新生活に向けての家電製品(冷蔵庫、洗濯機、レンジ)やパソコン、スマートホンが好調、他県配送が多い。
2023-04-01,変わらない,企業,東青,建設,物件数の減少と、原価高騰による利益低下が続いています。今年中は同じ状況と考えます。
2023-04-01,やや悪くなっている,企業,津軽,食料品製造,値上げによる買い控え。
2023-04-01,やや良くなっている,家計,東青,商店街,コロナも落ち着き、インバウンドや県外のお客様を含め、人の動きが活発になってきており、マインドも明るくなってきています。
2023-04-01,悪くなっている,家計,東青,タクシー,個人消費が悪化している上、コロナ過の制約が払しょくされているにも関わらず人流は今一つといった状態。全ての原因は物価の上昇にあると感じています。つまり人々の懐具合に余裕が無さすぎるという面が大きいのでしょう。
2023-04-01,変わらない,家計,県南,設計事務所,物価高が影響し、利益が生めない。
2023-04-01,やや良くなっている,家計,津軽,娯楽業,お客さんの動きが少し活発化してきた。
2023-04-01,やや良くなっている,家計,津軽,美容院,コロナからの解放感があり街に人出が帰って来た。活気があるように感じる。
2023-04-01,やや良くなっている,家計,津軽,レストラン,アフターコロナの影響で、少しずつ飲食店の利用客が増えている。小規模の宴会利用も増えてきた。
2023-04-01,やや良くなっている,家計,津軽,旅⾏代理店,団体旅⾏の動きがある。
2023-04-01,やや良くなっている,家計,津軽,商店街,街に人の姿が増えた。飲み会などの頻度も増加し、以前よりは経済が少しずつ回っているように感じる。
2023-04-01,やや良くなっている,家計,津軽,ガソリンスタンド,当社の商品であるガソリン等の売り上げが徐々に増加してきている。また、弘前公園桜祭りの影響もあり、観光客が増加してきており、それに伴う売り上げ増もみられる。
2023-04-01,やや良くなっている,家計,津軽,観光名所等,外国人の施設利用者が多くなりました。世界から個人客や団体が本格的に増加し始めた。国内ツアー客が若⼲上回ってきた。
2023-04-01,やや良くなっている,家計,東青,旅⾏代理店,仕事の量も増え数字も増えてきた。
2023-04-01,やや良くなっている,家計,東青,家電量販店,光熱費の⾼⽌まりや相次ぐ食料品、⽇用消耗品等の値上げにより、個人消費は依然として低迷の状態にあると⾒受けられますが、マスク着用が個人判断となったことをはじめ、コロナによる⽣活、⾏動制限が緩和しつつあり、特に旅⾏・観光需要等中⼼に景気は幾分か上向きになっているように感じられます。
2023-04-01,やや良くなっている,家計,東青,美容院,春という事で卒業、新学期という⾏事があるので人の動きはあります。
2023-04-01,やや良くなっている,家計,東青,都市型ホテル,宿泊は全国旅⾏⽀援の後押しでビジネスが順調、インバウンドの後押しもあり、⼀定の需要が継続している。飲食部門も企業の歓送迎会等の動きが活発化の兆しを感じます。
2023-04-01,やや良くなっている,家計,東青,⼀般飲食店,⻑くコロナ禍が続いていますが、政府の対応も緩和されるのに伴いそれに加えて、送別会シーズンになって人も少し動きました。
2023-04-01,やや良くなっている,家計,東青,⾐料専門店,コロナ問題がひと段落から、控えていた各種会合、卒入学式典、披露宴など儀式が増えスーツ等の新調が増えている。
2023-04-01,やや良くなっている,家計,東青,娯楽業,例年より早い雪解けと、コロナウィルス感染症の鎮静化効果か、２月末あたりからお客様の戻りが良くなりました。
2023-04-01,やや良くなっている,家計,東青,百貨店・スーパー,売上⾼・入店客数も前年対比で増加。
2023-04-01,やや良くなっている,家計,東青,卸売業,飲会店向け商品が昨年の倍で動いている。家庭用商品も昨年並みの動き。
2023-04-01,良くなっている,企業,下北,食料品製造,去年よりお客さまの出入りが多いように思うことから良くなっているのではと思いました。
2023-04-01,悪くなっている,企業,県南,電気機械製造,中国向けの製品が不調だったのに加えて、欧州向けも3月に入り大きく落ちこんだ。原因は金利上昇とエネルギー高に加えて、欧米と中国の不仲。
2023-04-01,やや悪くなっている,企業,県南,食料品製造,物価高による消費者の節約志向。
2023-04-01,変わらない,家計,県南,観光名所等,当産直は、コロナと物価高等に影響されず、観光客も例年並みで、大きな変化はみられない。
2023-04-01,やや良くなっている,家計,津軽,観光名所等,外国人の施設利用者が多くなりました。世界から個人客や団体が本格的に増加し始めた。国内ツアー客が若干上回ってきた。
2023-04-01,変わらない,家計,津軽,設計事務所,昨年春から建築業界は景気がとても良い状態です。それが継続してる状態であると感じます。我が社も人手が足りない状態が続いておりましたがやっと今春から技術職員を増やすことが出来ました。
2023-04-01,やや良くなっている,家計,津軽,美容院,コロナからの解放感があり街に人出が帰って来た。活気があるように感じる。
2023-04-01,やや良くなっている,家計,津軽,レストラン,アフターコロナの影響で、少しずつ飲食店の利用客が増えている。小規模の宴会利用も増えてきた。
2023-04-01,やや良くなっている,家計,津軽,旅行代理店,団体旅行の動きがある。
2023-04-01,やや良くなっている,家計,津軽,商店街,街に人の姿が増えた。飲み会などの頻度も増加し、以前よりは経済が少しずつ回っているように感じる。
2023-04-01,やや良くなっている,家計,津軽,ガソリンスタンド,当社の商品であるガソリン等の売り上げが徐々に増加してきている。また、弘前公園桜祭りの影響もあり、観光客が増加してきており、それに伴う売り上げ増もみられる。
2023-04-01,やや良くなっている,家計,東青,旅行代理店,仕事の量も増え数字も増えてきた。
2023-04-01,やや良くなっている,家計,東青,家電量販店,光熱費の高止まりや相次ぐ食料品、日用消耗品等の値上げにより、個人消費は依然として低迷の状態にあると見受けられますが、マスク着用が個人判断となったことをはじめ、コロナによる生活、行動制限が緩和しつつあり、特に旅行・観光需要等中心に景気は幾分か上向きになっているように感じられます。
2023-04-01,変わらない,家計,津軽,一般小売店,前四半期も今四半期も前年比トントンでほぼ同じです。コロナが落ち着いてきたが、諸物価が値上がりしているので、当店のような扱い商品に回せる消費額が減っているように感じる。
2023-04-01,やや良くなっている,家計,津軽,娯楽業,お客さんの動きが少し活発化してきた。
2023-04-01,やや良くなっている,家計,東青,都市型ホテル,宿泊は全国旅行支援の後押しでビジネスが順調、インバウンドの後押しもあり、一定の需要が継続している。飲食部門も企業の歓送迎会等の動きが活発化の兆しを感じます。
2023-04-01,やや良くなっている,家計,東青,一般飲食店,長くコロナ禍が続いていますが、政府の対応も緩和されるのに伴いそれに加えて、送別会シーズンになって人も少し動きました。
2023-04-01,やや良くなっている,家計,東青,衣料専門店,コロナ問題がひと段落から、控えていた各種会合、卒入学式典、披露宴など儀式が増えスーツ等の新調が増えている。
2023-04-01,やや良くなっている,家計,東青,娯楽業,例年より早い雪解けと、コロナウィルス感染症の鎮静化効果か、２月末あたりからお客様の戻りが良くなりました。
2023-04-01,やや良くなっている,家計,東青,百貨店・スーパー,売上高・入店客数も前年対比で増加。
2023-04-01,やや良くなっている,家計,東青,卸売業,飲食店向け商品が昨年の倍で動いている。家庭用商品も昨年並みの動き。
2023-04-01,良くなっている,企業,下北,食料品製造,去年よりお客さまの出入りが多いように思うことから良くなっているのではと思いました。
2023-04-01,良くなっている,企業,東青,広告・デザイン,
2023-04-01,良くなっている,家計,東青,観光名所等,全国旅行支援やＪＲのお得な切符、水際対策緩和、チャーター機、クルーズ客船などもあり入館者数が増加した。特に３月はオープン以降の3月で一番の入り込み数となった。
2023-04-01,やや良くなっている,家計,東青,商店街,コロナも落ち着き、インバウンドや県外のお客様を含め、人の動きが活発になってきており、マインドも明るくなってきています。
2023-04-01,やや良くなっている,家計,津軽,百貨店・スーパー,コロナ禍が落ち着き、催事等が各地で実施され、人流が良くなった。電気代の高騰は継続しているが、冬季期間も終わり、灯油代に対しての経費が削減されているから。
2023-04-01,やや良くなっている,家計,東青,美容院,春という事で卒業、新学期という行事があるので人の動きはあります。
2023-04-01,やや良くなっている,家計,県南,ガソリンスタンド,コロナ感染症が落ち着いてきたことから、人流が増加傾向であり往来が活発になっているように見える。
2023-04-01,やや良くなっている,家計,県南,百貨店・スーパー,インフレによる単価アップ、売上アップはある。しかし、電気ガスを中心としたコスト上昇が経営を圧迫している。
2023-04-01,変わらない,家計,津軽,スナック,物価高やコロナ、選挙の影響がある。
2023-04-01,変わらない,家計,津軽,卸売業,物価高の影響が大きい。
2023-04-01,変わらない,家計,東青,コンビニ,客数は少し多い気がしますが、値上げが多い為客単価は下がっている気がする。
2023-04-01,変わらない,家計,東青,百貨店・スーパー,商品の値上げが続き、単価は上がるが販売点数は落ちている。必要以上のものは買わない傾向が続いています。
2023-04-01,変わらない,家計,東青,設計事務所,少雪により建築の修復工事等早々動きがありましたので各種の経済活動は早まったように見受けられました。時折県外スキー場にいきますが週末でさえスキーヤーが少なく愕然とします。高速上の車もまばらでこれが現在の経済状況を物語る一面と捉えております。
2023-04-01,やや良くなっている,雇用,津軽,新聞社求人広告,極端な桜の早咲きで春観光が早まった影響で、ホテル・旅館、飲食業などが好調な滑り出しをみせている。
2023-04-01,やや良くなっている,雇用,東青,人材派遣,景気流動に合わせて、各企業からの求人オーダーが増加。また求職者も少なく人材不足が顕著に見えてきている。
2023-04-01,やや良くなっている,企業,県南,経営コンサルタント,製造業(水産加工業)においては、エネルギー価格の高止まり、原材料不足により生産活動が停滞しているが、宿泊、飲食、観光業については、コロナの影響がほぼ払拭されつつある。
2023-04-01,やや良くなっている,企業,県南,建設,コロナも終息に向い、ノーマスクが個人の判断にゆだねられたことから、送別会や新入社員歓迎会などのイベントも多く開催された。また、桜の開花も例年より2週間も早く訪れたことで、4月には外出が多く見られて景気の上昇ムードは見られる。
2023-04-01,やや良くなっている,雇用,県南,新聞社求人広告,政府がイベントの開催制限を撤廃するなど、イベント開催に対する制約などが無くなったため。
2023-04-01,やや良くなっている,企業,津軽,経営コンサルタント,雪解けが割と早かったこともあり市内の飲食店・小売り販売等への人出は、かなりコロナ禍前に戻ったような活気を見せている。もったいないのが、弘前さくらまつり期間前に桜が満開になってしまったために観光客の人出に影響がないかと心配なところではあります。
2023-04-01,やや良くなっている,企業,県南,飲料品製造,新型コロナウイルスの感染状況も改善、マスク着脱の議論も盛ん、ホテルで大人数での会合も徐々に再開し、夜の街のにぎわいも戻りつつある。また春先の旅行シーズンに人の動きもはっきりと見えるようになってきた。正常に戻りつつある感覚となった。
2023-04-01,やや良くなっている,家計,県南,旅行代理店,マスク着用が緩和され、外食や旅行をしても良いかなという世の中の雰囲気になってきた。
2023-04-01,やや良くなっている,家計,県南,百貨店・スーパー,コロナの状況がいったん落ち着きを見せ、様々なイベントや外出機会等が増加している。
2023-04-01,やや良くなっている,家計,県南,一般飲食店,コロナも休息し、気候も過ごしやすい状態で、外に出てきやすい環境が整ってきているのも好要因かなと感じております。
2023-04-01,やや良くなっている,家計,県南,スナック,客数が増えているので。
2023-04-01,良くなっている,家計,東青,観光名所等,全国旅⾏⽀援やＪＲのお得な切符、水際対策緩和、チャーター機、クルーズ客船などもあり入館者数が増加した。特に３月はオープン以降の3月で⼀番の入り込み数となった。
2023-04-01,やや良くなっている,家計,下北,都市型ホテル,コロナウイルス感染症の規制も緩み、会合や会食が徐々に戻りつつあります。まだコロナ禍以前程の件数には及びませんが、３月の歓送迎会も久々開催する団体も増えてきてます。
2023-04-01,やや良くなっている,家計,県南,卸売業,飲み会などの集まりが増えていると感じる。
2023-07-01,やや良くなっている,家計,東青,タクシー,コロナ禍の悪影響は徐々に取り除かれ人々の動きも活発化してきてはいる、しかし物価⾼と円安はどうしても避けて通れずに足を引っ張られている状況。また、報道関係がコロナ感染の第9波を煽り⽴てる⾯も景気回復の足かせとなっている様に思われます。
2023-07-01,やや良くなっている,家計,津軽,ガソリンスタンド,ガソリン等の販売価格は上昇してきているものの、観光客の来県状況や飲食店への客の入れ込みは増加しており、全体としては景気は上向いてきていると感じる。8月の「ねぶた」「ねぷた」祭りやお盆も控えており、当市への県外客の流入も予想され、当社売り上げも伸びると予想している。
2023-07-01,やや良くなっている,家計,津軽,観光名所等,お出かけキャンペーンの効果。コロナ規制緩和。
2023-07-01,やや良くなっている,家計,東青,旅⾏代理店,仕事の量が増えてきた。
2023-07-01,やや良くなっている,家計,東青,レストラン,いろいろな⾏事があるので。
2023-07-01,やや良くなっている,家計,東青,家電量販店,新型コロナウイルスの感染症法上の位置づけが引き下げとなったことなどもあり、節約志向は依然として続いてはいるものの、「イベント」や「旅⾏・観光」等に係る需要は伸⻑している傾向が⾒受けられます。
2023-07-01,やや良くなっている,家計,東青,美容院,コロナも多少なれてきたのか、お客様も気をつけながら⾏動しているようです。
2023-07-01,やや良くなっている,家計,東青,都市型ホテル,宿泊については、堅調なビジネス需要、全国旅⾏⽀援による観光需要喚起の施策により22年を上回る売上で推移。飲食については回復傾向にあるが、⾒込んでいた⽔位までの回復とはならず。そのため、良くなっているではなく、やや良くなっていると回答しました。
2023-07-01,やや良くなっている,家計,東青,⼀般飲食店,コロナが5類に移⾏したことにより、徐々に人の動きが出始めてはいますが、まだまだ警戒感を持つ人も多く、⾏事がある時などに合わせて人も動くようで、普段は人の動きは以前のようではありません。
2023-07-01,やや良くなっている,家計,東青,⾐料専門店,コロナ禍明け、各種式典、会合が解禁になり⾐料品販売は問い合わせ急増です。
2023-07-01,良くなっている,家計,東青,観光名所等,来客数が増加し、オープン以来の入場者数となっている。
2023-07-01,やや良くなっている,家計,東青,百貨店・スーパー,コロナ対応が緩和されたことでＧＷから、人の動きが前年より明らかに増えたため。必要以上の買い物はしないものの、必要なものは購入する傾向は続いています。
2023-07-01,やや良くなっている,家計,東青,百貨店・スーパー,人流の回復があるから。
2023-07-01,やや良くなっている,家計,東青,卸売業,観光客も多くなり、宿泊、飲食業もだいぶ戻ってきている。コンビニエンス関係も売上げを戻してきているので良くなってきていると思う。
2023-07-01,やや良くなっている,家計,東青,⼀般小売店,売り上げの前年対比はもちろん、コロナ前2019年との比較でも数字が大きく伸びているから。
2023-07-01,良くなっている,家計,県南,旅⾏代理店,国内・海外共に問い合せ、⼿配が増えている。もう、旅⾏に⾏ってもいいのかなという気持ちになってきている。
2023-07-01,良くなっている,家計,県南,レストラン,企業での大人数の宴会が増えた。旅⾏や出張客のお客様が増えた。
2023-07-01,良くなっている,家計,津軽,設計事務所,⺠間及び官公庁からの発注業務がコロナ前より多いと感じています。業務量増に伴い弊社も技術者の増員強化を今春実施しました。
2023-07-01,良くなっている,家計,津軽,観光型ホテル・旅館,インバウンドや、会合が増えている。
2023-07-01,良くなっている,家計,東青,観光型ホテル・旅館,全国旅⾏⽀援の追い風は現在も続いており、個人客は引き続き好調。修学旅⾏や⼀般団体も増え始めてきたが、満室の⽇が多くなり受け入れに苦労する程までなっている。GW明け以降の通常期でも繁忙を感じるくらいになっている。
2023-07-01,やや良くなっている,家計,津軽,商店街,まだ完全に回復しているわけではないが、旅⾏客も増加、学⽣、社会人の飲み会も開催されるようになり多少は経済がまわるようにはなってきた。
2023-07-01,やや良くなっている,家計,東青,コンビニ,天気もよくなり観光客も少し増えてきているため。
2023-07-01,やや良くなっている,家計,津軽,旅⾏代理店,仕事の量が増えた。
2023-07-01,変わらない,家計,東青,娯楽業,3カ月の売上の変動が特に変わらないため。
2023-07-01,やや良くなっている,家計,津軽,娯楽業,街に人が出るようになっている。
2023-07-01,変わらない,家計,津軽,住宅建設販売,お客様の動向(イベント・展示場来場)はあるが、融資(融資額)が通らないので、建築を控える結果となる。
2023-07-01,変わらない,家計,県南,乗用⾞販売,原油・原材料の⾼騰の影響で、7月に入り食料品等の値上げが再度⾏われ、消費者の購買意欲が低下する。
2023-07-01,変わらない,家計,県南,住宅建設販売,物価⾼騰⼿当等が⼀時的に⽀給された話を聞いたが、物価⾼騰が継続しているため。
2023-07-01,変わらない,家計,県南,⼀般小売店,コロナが終息しつつある事は上向き要因であるが、物価⾼騰がそれを全て打ち消している。
2023-07-01,変わらない,家計,下北,⼀般飲食店,ようやくコロナも下⽕になってきてこれからという時に、今度はいろいろな物の値上がりで財布の紐がなかなか緩くならないせいで結構きついです。
2023-07-01,やや良くなっている,家計,津軽,レストラン,観光や⽇常の宴会等の利用のお客様が増加しているため。
2023-07-01,変わらない,家計,下北,コンビニ,ずっと悪いまま。倒産した企業もある。
2023-07-01,変わらない,企業,東青,食料品製造,コロナ解除後で会食の機会は増えているようですが、⽔産を取り巻く状況はよくありません。受け入れる側は 加⼯済みのものを要求しますが追加加⼯の費用の負担は無理ときます。つらいです。
2023-07-01,変わらない,企業,津軽,食料品製造,物価の値上がりが⽌まらない。買い控えをしている。
2023-07-01,変わらない,企業,県南,広告・デザイン,フロナは、治った感があるがコロナ融資を受けた企業の返済が始まっている中、返済の⽅に比重がおかれ、広告費等必ずしも必要ではない経費を削減しているようだ。
2023-07-01,やや悪くなっている,雇用,県南,人材派遣,人⼿不足（業務遂⾏に必要な資格者不足）や原燃料価格の⾼騰など、様々な業種のお客様が、経営の現状や未来に苦慮されている様に感じる。
2023-07-01,やや悪くなっている,企業,津軽,電気機械製造,物価の上昇に加え、受注状況にも偏りがあり、全体的に良いとは⾔えないため。
2023-07-01,やや悪くなっている,家計,県南,家電量販店,食品の値上げ、電気代の値上げ報道が消費意欲を低下しているように感じます。
2023-07-01,やや悪くなっている,家計,県南,⾐料専門店,電気料⾦値上げを始めとする⽣活コストの増。
2023-07-01,やや悪くなっている,家計,県南,美容院,毎⽇の⽣活に直結する部分で、物価⾼が少しずつ気になり出している様です。覚悟はしている様です。
2023-07-01,やや悪くなっている,家計,津軽,⼀般小売店,⽀店を閉鎖したため、本店の売り上げは増加しているが、増加分は⽀店のお客様のお買い上げ分であり、元々の本店のお客様分の売り上げは厳しい。諸物価の⾼騰が、買い控えに繋がっている。
2023-07-01,やや悪くなっている,家計,津軽,家電量販店,夏物季節商品(主にエアコン）の販売が前年減である。
2023-07-01,変わらない,雇用,津軽,人材派遣,現在も相変わらず物価上昇が続いている。⼀⽅で給料や年⾦等収入は増えていないし、今のところ増える⾒込みもない。
2023-07-01,変わらない,雇用,津軽,新聞社求人広告,暑くなって飲食店関係が盛り返しているが、消費者の倹約志向は変わらず、好調かどうかは業種によってバラつきがある。
2023-07-01,変わらない,雇用,東青,求人情報誌,⾃分の周辺で賃⾦が多少上がった話を聞くが、それ以上に物価が上がっている。消費者物価指数の上昇を⽌めない限りはこの先の景気への期待は薄いと感じる。
2023-07-01,変わらない,雇用,東青,新聞社求人広告,相次ぐ値上げ、燃料価格の⾼⽌まりで、消費を抑える傾向が続いていると感じる。
2023-07-01,変わらない,企業,県南,電気機械製造,⽇本国内の景気はコロナも終わりまあまあですが、中国や欧州に輸出する取引の仕事の人は景気が悪いです。
2023-07-01,変わらない,企業,県南,建設,コロナは落ち着いて通常の⽣活に戻りつつあるが、食料品や⽇用品、外食の値上がりが続いており、決して良くなったとは⾔い切れない。
2023-07-01,変わらない,家計,津軽,都市型ホテル,同様に活発である。
2023-07-01,変わらない,家計,津軽,乗用⾞販売,業種により異なる。
2023-07-01,変わらない,家計,下北,ガソリンスタンド,コロナ感染が落ち着き、観光客が増えてきている実感はあるが、物価が上がっているせいか、地元の人の動きが鈍いような気がする。
2023-07-01,変わらない,家計,東青,スナック,変らないという事は全く⾒当がつきませんので、多少なりと期待しておりますが、、無理でしょうね。
2023-07-01,やや良くなっている,家計,津軽,コンビニ,売上は上がっているが利益は50%下落している、光熱費が⾼すぎる。
2023-07-01,やや良くなっている,家計,津軽,⾐料専門店,売上げが上がっている。
2023-07-01,やや良くなっている,家計,県南,百貨店・スーパー,インフレ傾向により⾒かけ上売上は右肩上がり。外食産業も客数も増加傾向とは思うが、コスト上昇は引き続いて深刻な課題。
2023-07-01,やや良くなっている,家計,県南,ガソリンスタンド,コロナ感染症の5類移⾏により、人々の往来が増加傾向であることが感じられることから上向き傾向であると思われます。
2023-07-01,やや良くなっている,家計,県南,観光名所等,客入数、売上ともに若⼲伸びつつあるため。
2023-07-01,やや良くなっている,家計,県南,スナック,団体客が増えてきた。
2023-07-01,やや良くなっている,家計,県南,タクシー,6/15にタクシー料⾦の運賃改定が⻘森県内でも⾏われたが、もちろんその効果も出ているとは思うが、確実に人の出（外出、観光、飲食、イベントなど）は増えてきているような感じが⾒受けられる。
2023-07-01,やや良くなっている,家計,県南,⼀般飲食店,直接関係は薄いが、町中に人があふれているようです。結果各店への来店頻度が⾼まるようです。売り上げアップにつながる。
2023-07-01,やや良くなっている,家計,県南,卸売業,昨年まで中⽌となっていたお祭りが開催される事になった。飲み会用の道具の予約が多く入っている。
2023-07-01,やや良くなっている,家計,県南,コンビニ,⼟⽇祝に人流を感じる。
2023-07-01,やや良くなっている,家計,県南,商店街,人の流れが市内はもちろん、市外へ出たり、また市内へ流入したりと動きが増加している。
2023-07-01,変わらない,家計,津軽,スナック,物価⾼騰の影響。
2023-07-01,やや良くなっている,家計,下北,タクシー,コロナが5類になり、気持ちが楽になったのか、旅⾏・遠出が増え夜の飲食業も活気が出てきている。
2023-07-01,やや良くなっている,家計,下北,レストラン,コロナが落ち着いたから。
2023-07-01,やや良くなっている,企業,県南,経営コンサルタント,インバウンド需要、コロナ収束により、飲食、宿泊業等、サービス業の売上回復が頭著。
2023-07-01,変わらない,家計,東青,設計事務所,取り巻く環境で景気に及ぼす事象が無く変化の実感無い。周辺に足場がかかり外部修理している小規模建物はここかしこに⾒かけられた。冬季に受けたダメージが多いのかもしれない。関わる職種は多忙のようです。
2023-07-01,やや良くなっている,雇用,県南,新聞社求人広告,イベントやお祭りが再開していることから、人の動きがあるため。
2023-07-01,やや良くなっている,企業,県南,飲料品製造,大人数の集まりでの飲食がコロナ禍以前と同様に開催されるようになり、また夜の町への人出も増加している。観光客なども確実に増加している。商品の値上げの影響も多少なりともあると思うがあまりダイレクトには感じられない。
2023-07-01,やや良くなっている,企業,県南,紙・パルプ製造,飲食店等の利用が増えている、また新幹線等の利用が増え人の往来が活発になっている。
2023-07-01,やや良くなっている,企業,津軽,経営コンサルタント,休⽇の大型商業施設は駐⾞場もいっぱいで人出も多くなっている。⼀⽅平⽇の人出はいまいちで、小規模の商店での売り上げは昨年と同様という声が聞かれる。各種宴会やイベントは回数や集客数は回復傾向にあるが、人⼿不足の影響で何とか人⼿をかけないように⼯夫をしているのが分かる。
2023-07-01,やや良くなっている,企業,東青,経営コンサルタント,スーパー関連は客数が伸び悩み、単価の⾼い商品から安価な商品へと流れ食料品や⽇用品の節約傾向がみられるが、原材料費の⾼騰が⼀服するなか、不⼗分だが過去のコスト⾼を販売価額に転嫁する動きが続いている。コト消費の代表である旅⾏関連では、新型コロナの影響が緩和し、円安の影響もありインバウンドの増加により、宿泊業や飲食業は前に比べ少し上向きになっている。
2023-07-01,変わらない,家計,東青,娯楽業,４月はお客様の戻りが⾒られましたが、５月、６月と落込み不安定です。
2023-07-01,やや良くなっている,家計,下北,スナック,コロナで個人のお客様だけだったのが、会社での飲みに変わり人数が、増えました。
2023-07-01,やや良くなっている,家計,下北,都市型ホテル,宿泊客数はコロナ禍前以上の状態です。ただ、飲食を伴う宴会はまだ７割位の回復なので今後に期待です。
2023-07-01,変わらない,家計,東青,商店街,光熱費の⾼騰・物価⾼によりお客様のマインドが慎重になっているようにも感じ、またコロナが明けたかのような勢いも感じ、判断が難しい所だから。
2023-10-01,やや悪くなっている,家計,津軽,住宅建設販売,新築工事の受注が下がっています。金融機関からの借入れも所得水準に達しないことから思うような金額（予算立て）ができないから。
2023-10-01,やや悪くなっている,家計,津軽,衣料専門店,インバウンドなど。物価高。
2023-10-01,やや悪くなっている,家計,県南,ガソリンスタンド,コロナ感染症の5類移行に伴い、人流が増加し一定の景気の回復傾向は感じられるが、エネルギー、食品、その他全般、値上げの動きが急であり、そのことを上回る可処分所得の増加とはなっていないと感じられるから。
2023-10-01,やや悪くなっている,家計,県南,観光名所等,今年の夏は猛暑のためか、製品(花等)に影響があり、売上が減少した。
2023-10-01,やや悪くなっている,家計,津軽,都市型ホテル,キャンペーン終了に伴い国内の観光需要の低下による宿泊減。
2023-10-01,やや悪くなっている,家計,県南,住宅建設販売,物価高騰や金利上昇懸念から住宅購入者の減少が続いている。
2023-10-01,やや悪くなっている,家計,県南,衣料専門店,光熱費の負担上昇、食品をはじめとする値上げ、賃金は変わらない。（※地方の場合）
2023-10-01,変わらない,企業,下北,食料品製造,原料の値上り等による価格の値上げによって、来客はあるものの購入額は低めかと感じます。
2023-10-01,変わらない,企業,県南,電気機械製造,コロナ禍が収まり人の動きが出てきて新しい案件が動き出したりしているものの、人件費高・物価高・人手不足で、景気や人々の生活は良くなっているとは言い難い。
2023-10-01,変わらない,企業,県南,紙・パルプ製造,人の往来等は3ヶ月前とそれほど変化なし。
2023-10-01,変わらない,企業,県南,広告・デザイン,全国規模の企業の広告に比べて、地方における広告は増えてるように感じない。
2023-10-01,やや悪くなっている,家計,津軽,美容院,値上げラッシュに財布の口は一層かたい。何処かを節約しながら身構えている様だ。
2023-10-01,やや悪くなっている,家計,津軽,レストラン,夏の異常な暑さが、、。この業種はあまり暑いと売上が下がるし、みなさん冷たくてサッパリした料理に行ってしまうのでは？
2023-10-01,やや悪くなっている,家計,東青,美容院,今年の夏は大変暑かったのでしょう。外出するのをやめていたようです。
2023-10-01,変わらない,雇用,東青,新聞社求人広告,物価の上昇、燃料費の高止まりによる生活費の上昇で、購買意欲を抑えさせたままの状態が続いている。
2023-10-01,やや悪くなっている,家計,津軽,設計事務所,住宅の設計依頼件数が少ないです。住宅着工件数も今年は例年比で減となっているようです。住宅以外の設計物件数は昨年と同様ですが・・・。
2023-10-01,やや悪くなっている,家計,県南,一般小売店,アフターコロナのプラス要因よりも、物価高(特にガソリン・食料品)に起因するマイナス要因の方が勝っている。
2023-10-01,悪くなっている,家計,下北,百貨店・スーパー,各種値上げの影響による物価高騰、賃金推移遅滞で消費鈍化。
2023-10-01,やや悪くなっている,家計,県南,旅行代理店,物価の高騰が大きすぎる。
2023-10-01,やや悪くなっている,雇用,県南,人材派遣,連日の報道にもあるように、取引先の多くは、最近の原材料や光熱燃料費、また人件費の高騰の影響もあり、企業経営が厳しい様に感じるため。それによる地元企業倒産の報道も多くなった様に感じる。
2023-10-01,悪くなっている,家計,東青,設計事務所,物価高騰と政治の不安定によるもの。
2023-10-01,悪くなっている,家計,津軽,観光名所等,ツアー単価の高騰の影響もあり利用客数の昨年対比減。商品の一人当たりの購入単価減が目立つ。
2023-10-01,悪くなっている,家計,県南,スナック,お客様が少ない。
2023-10-01,悪くなっている,家計,県南,コンビニ,食品、ガソリン・灯油・電気他全て値段が高くなり買い控えている。
2023-10-01,変わらない,企業,津軽,食料品製造,とどまることを知らない物価上昇とそれに対応しての買い控え。
2023-10-01,やや悪くなっている,企業,県南,広告・デザイン,現時点で明らかに仕事の依頼が減少してる。物価の高騰が著しく生活にも仕事にも大きく影響している。
2023-10-01,やや悪くなっている,家計,県南,設計事務所,気候や、世界情勢の影響で物価高は深刻な上、増税で消費は落ち込んでいる。
2023-10-01,やや悪くなっている,雇用,県南,新聞社求人広告,当社の取引先には住宅業界が多く、この住宅業界が苦戦しているため。
2023-10-01,やや悪くなっている,企業,津軽,電気機械製造,アメリカ大統領に振り回されている。
2023-10-01,やや悪くなっている,企業,津軽,食料品製造,物価高。
2023-10-01,やや悪くなっている,企業,東青,建設,原価の上昇が大きいです(資材価格)。
2023-10-01,やや悪くなっている,企業,東青,経営コンサルタント,県内景気は大雪による影響が和らぎ穏やかに回復しているという見方もあるが、新型コロナ禍が収束し需要の急回復による物価高騰、コロナ融資返済の本格化による資金不足、さらに人手不足の要因により中小企業の倒産が増えている。また、県内で人件費や仕入価格の上昇分を価格転嫁できていない企業は6割以上あることから収益は圧迫している。
2023-10-01,やや悪くなっている,家計,下北,ガソリンスタンド,物価高！何から何まで値上がり、家計や会社の経費に負担をかけていると思われます。都会ではインバウンドで外国人観光客が多く来ていましたが、下北ではあまり見かけません。
2023-10-01,やや悪くなっている,家計,下北,タクシー,物価の値上がりが続き、値上がり幅に給料が追いつかない。管内のスーパーマーケットが本日営業停止をしました。すたれていくなーと突然思いました。
2023-10-01,やや悪くなっている,家計,下北,レストラン,物価高騰、地域応援券などが少ない。
2023-10-01,やや悪くなっている,企業,県南,経営コンサルタント,ガソリン価格が高値で推移し、電気、ガスの補助金がなくなり、売上が伸び悩んでいる中で金額が高くなるコストアップ要因が増えてきている為。
2023-10-01,変わらない,企業,東青,建設,工事量に変化はありませんが、原価高騰と人手不足が利益を圧迫しています。
2023-10-01,変わらない,家計,東青,娯楽業,ここ3ヶ月の売上状況が大きく変動していないため。
2023-10-01,変わらない,家計,県南,乗用車販売,夏場の異常気象やコロナ第９波の影響も落ち着きを取り戻し、通常のイベント開催や飲食を伴う会合の頻度も上がってきており、景気の上向きに好影響を与えている。
2023-10-01,やや良くなっている,家計,東青,一般飲食店,ねぶた祭りがあった8月は人が動きコロナも騒がれたけれども景気は上向きでした。9月になって少し落ち着いた感じはあるのだとは思いますが、長く続いたコロナ禍からみると断然人も動くようになっていると実感しています。
2023-10-01,やや良くなっている,家計,東青,旅行代理店,ツアーのお客様も増えてきて動きが活発になってきた。
2023-10-01,やや良くなっている,家計,津軽,一般飲食店,県外や国外からのお客様が増えている。
2023-10-01,やや良くなっている,家計,津軽,商店街,観光客らしき人の量が違う。
2023-10-01,やや良くなっている,家計,津軽,旅行代理店,業界全体的に仕事は増えていると感じられる。
2023-10-01,やや良くなっている,家計,津軽,家電量販店,猛暑の影響により9月度のエアコン販売が平年を上回った。電力会社及び青森県の省エネ買替キャンペーンも追い風となった。
2023-10-01,やや良くなっている,家計,津軽,一般小売店,７－９月の４半期は少し前年割れでしたが、９月が急回復したため、そのように回答しました。
2023-10-01,やや良くなっている,家計,県南,観光型ホテル・旅館,お客様の予約数が増加している。
2023-10-01,やや良くなっている,家計,県南,家電量販店,7月20日梅雨明けから8月いっぱい、気温上昇が続き、季節商品(エアコン・扇風機等)が好調。
2023-10-01,やや良くなっている,家計,県南,娯楽業,物価上昇で騒がれているが、来店客数は増えている。
2023-10-01,やや良くなっている,家計,東青,百貨店・スーパー,以前のようにコロナの増減に人の動きが影響されなくなってきたため。お盆の帰省、夏祭りによる人の動きもコロナ前に戻りつつあることで経済が回っている感じがするため。
2023-10-01,やや良くなっている,家計,下北,レストラン,売上が少しずつ伸びてきている。
2023-10-01,やや良くなっている,家計,下北,都市型ホテル,宿泊は満室の日も多く、コロナ禍以前よりも増えている。宴会も７割位までは回復し、婚礼も徐々にではあるが増えてはいます。ただ規模も件数も少なく、以前のようには戻らないと思う。
2023-10-01,やや良くなっている,企業,東青,広告・デザイン,リアルイベントの開催、お祭りの実施等で、生活者動向がコロナ前に戻っていると感じている。その行動復活に対し、民間各社がビジネスチャンスをしっかりと捉えている。
2023-10-01,やや良くなっている,企業,東青,経営コンサルタント,円安を要因に原材料価格の高騰は続いており、中国による水産物の輸入停止を受け水産加工の製造業は悪化している一方、新型コロナの影響が緩和し、宿泊・飲食サービスなどの業種は改善してきている。また、暑さが続いたことから飲料を扱う業種は好調であった。全体的にみると以前に比べ景気はやや良くなっている。
2023-10-01,やや良くなっている,企業,津軽,電気機械製造,新機種（スマートフォン）が発売されたため。
2023-10-01,やや良くなっている,企業,県南,飲料品製造,コロナ以前までには戻っていないが人の動きが正常化、観光客も増え、地元のイベントなども活性化している。いつもの大人数の会合等も普通に行われるようになり商品の動きも良くなった。
2023-10-01,やや良くなっている,企業,県南,経営コンサルタント,人流の増加で管内中心街の飲食店の売上げ増加の継続、紅葉シーズンを控え、ホテルの予約状況が好調である。
2023-10-01,やや良くなっている,企業,県南,建設,コロナも第５類へ移行となり、各種イベントや祭りの再開、帰省・旅行など人の往来も活発になったことで外食産業も持ち直し、3ヶ月前と比較すると回復傾向。
2023-10-01,やや良くなっている,雇用,県南,新聞社求人広告,コロナが5類に引き下がったことで人を集めるイベントが復活し、その運営を任されることが多くなったため。
2023-10-01,変わらない,家計,東青,衣料専門店,コロナ禍明けの前回の調査では上向き加減ではあったが、猛暑の影響かコロナ禍にあった昨年対比数パーセントアップ位では良くなっていると言えない。
2023-10-01,変わらない,家計,東青,タクシー,今年の冬がどのような冬になるのか未だに想像できないでいます。食料品や灯油・ガソリンなどの燃料代の物価高がどのようなカーブを描いていくのか、それに対して政府がどのような対処をとるのかによっても事は大きく変化してしまうと思っているからです。
2023-10-01,やや良くなっている,家計,下北,タクシー,旅行に行く人・来る人も多くなっている。食品等の値上げが続いていても特に買い控えをするニュースもない。ふるさと納税に支払金額が増えている。
2023-10-01,やや良くなっている,家計,東青,百貨店・スーパー,人流の回復、高額品の販売頻度増。
2023-10-01,良くなっている,家計,東青,卸売業,観光地、飲食店が回復し、ねぶた祭り、クルーズ船等人流がかなりあったため物(商品=お金)が動いた。
2023-10-01,良くなっている,家計,東青,観光名所等,ねぶた祭りが通常開催された。ねぶた祭りからお盆期間にかけての入場者数が特に多かった。概ね個人のお客様で団体旅行は全体の13％。
2023-10-01,変わらない,家計,県南,美容院,物価高と言われているが、今のところ変らない来店状況です。
2023-10-01,変わらない,家計,県南,商店街,電気代やガソリン等の油関係の先行きが見えないから。
2023-10-01,変わらない,家計,県南,コンビニ,お客様の買い物点数が変わっていないように思われる。
2023-10-01,変わらない,家計,県南,卸売業,一般の方について、酒税増税前の買い込み需要があると予想していたが、買い控えが多く売り上げが伸び悩んだ。代わりに業務店の方の売り上げは伸びている。
2023-10-01,変わらない,家計,県南,一般飲食店,良い時と、悪い時があり平均で見るととんとんかな〜。色々なイベントが氾濫して、当業種にはメリットがない。又、人出不足のため営業を縮小せざる得ない。
2023-10-01,変わらない,家計,県南,タクシー,夏場の需要（観光・帰省等での売上増）を期待していたが、想定したほどではなかった。
2023-10-01,変わらない,家計,県南,百貨店・スーパー,上向きのものもあれば、下向きのものもあり、トータルで±0かと。最低賃金引上げによる賃上げ、物品の値上げ。
2023-10-01,変わらない,家計,県南,レストラン,出張のお客様、観光のお客様は増えているが、地元のお客様が減っている。
2023-10-01,変わらない,家計,県南,スナック,平日が悪く、週末のみが良いから。タクシーが少なすぎて対応出来ない。
2023-10-01,変わらない,家計,県南,百貨店・スーパー,インフレの恩恵により売上は表面的には伸びているが、光熱費を始めとした経費負担が大きくのしかかり、景気が好転したという段階には達していないと感じる。
2023-10-01,変わらない,家計,県南,旅行代理店,昨年から海外旅行や修学旅行が復活している。
2023-10-01,変わらない,家計,県南,コンビニ,物の値段が上がっているだけで、客数は減っているため。
2023-10-01,変わらない,家計,津軽,乗用車販売,物価上昇に伴う賃上げが不足している。
2023-10-01,変わらない,家計,津軽,観光型ホテル・旅館,景気は依然として変わらない状況が続いている。
2023-10-01,変わらない,家計,津軽,観光名所等,一年前（コロナ禍）の状況と比べると景気は上向いているが、3か月前から見るとさほど変化は見られない。理由としてはインバウンドによるクルーズ船客や成田到着便・羽田便からの来訪者に変化が見られないため。
2023-10-01,変わらない,家計,東青,スナック,私達飲食業(スナック)はどうして悪いのか見当がつきません。
2023-10-01,変わらない,家計,東青,商店街,5月のコロナ５類移行もあり、お客様の動きは引き続き活発なように見えます。ねぶた祭りの時期も、県外客を含めお客様の入れ込みが多かったと周囲からも聞いています。
2023-10-01,変わらない,家計,東青,娯楽業,相変わらず横ばい状態です。
2023-10-01,変わらない,家計,東青,設計事務所,景況感に影響を及ぼす直接的な出来事は起きていない様に見受けられましたが、社会全体に重しが乗っかっている閉塞感は相変わらず感じます。
2023-10-01,変わらない,家計,東青,家電量販店,お盆期間の帰省ラッシュが昨年よりも増加傾向にあったように、コロナ明けによる人流回復は見受けられ、主に旅行・観光・各種イベント等の側面において経済活動は活発化しているように思われます。ただ一方ではガソリン代や日用消耗品など、毎日の生活に欠かせない品目の価格の高止まりが続いており、節約志向は依然として継続。不要不急の買い物は控える傾向が続いているように見受けられるため、景況感としましては概ね変化なしと判断いたします。
2023-10-01,変わらない,家計,東青,観光型ホテル・旅館,夏からの好調は現在でも続いている。外国人客も個人中心に引き続き多くみられる。
2023-10-01,変わらない,家計,東青,都市型ホテル,宿泊については県外からのレジャー、出張利用が堅調ではあるが、会議、宴会需要については想定より戻りが弱い。
2023-10-01,良くなっている,家計,東青,一般小売店,春以降の人流の活性化が秋も続いている。
2023-10-01,変わらない,家計,下北,ガソリンスタンド,コロナ感染が落ち着き、飲み会が増え、結婚式も出始めて来たが、物価の高騰でプラスマイナス0といったところではないでしょうか！？
2023-10-01,やや悪くなっている,雇用,東青,求人情報誌,毎月の物の値上げがあり、やってもやっても景気が良くなっていないと思います。
2023-10-01,やや悪くなっている,企業,県南,食料品製造,トランプ関税への警戒感。
2023-10-01,やや悪くなっている,企業,県南,電気機械製造,なかなか終わらない戦争と欧州のEVシフトの失敗、中国の不景気で安売り攻勢と日本も含めて景気が良くなる要素が無い。
2023-10-01,やや悪くなっている,雇用,東青,人材派遣,物価高・人材不足の影響でモノ消費が抑えられてしまっている。
2024-01-01,良くなっている,家計,東青,卸売業,インバウンド含む観光客等⼈流が昨年より多くなり、スーパー、観光地、飲⾷店等あらゆる業態で売上が増えている。
2024-01-01,変わらない,家計,東青,タクシー,政治資⾦パーティー券販売⾦の使途不明利用や、無理⽮理解禁しようとしているライドシェア等も最終的にはうやむやのままに終わりそうなので、⺠衆の⽣活においては何の変化も⾒られぬまま「やや悪い状態」の景気がだらだらと続いてしまいそうな気がします。
2024-01-01,変わらない,家計,東青,家電量販店,多⽅⾯で物価⾼騰ないし価格の⾼⽌まりが続いており、上昇しない賃⾦のなかで節約志向は依然として⾼まっている。最低賃⾦は10月の改定により引き上げとはなったものの、先⾏きの不透明さが続いているため消費よりも貯蓄に回す⽣活者は多いと思われ、結果として経済活動はここ数カ月で比較してもさほど変化はないと判断される。
2024-01-01,変わらない,家計,東青,設計事務所,ここまで温暖、少雪で⽣活の負担は軽減しておりましたが社会情勢は⼀向に庶⺠⽣活のレベルに景況感をもたらす変化が起きておりません。穏やかな新年を迎えたので上昇気流に期待を︕
2024-01-01,変わらない,家計,東青,娯楽業,景気が上向く感じが無いまま、横ばい状態です。
2024-01-01,変わらない,家計,東青,娯楽業,場内の売上、来場者数から判断するとほぼ3か月前とほぼ同様の数値を示しているため。
2024-01-01,変わらない,家計,東青,商店街,秋まで⾼温が続くなど季節のメリハリが弱かった。商店街の⼈通りは増えてきており、年末年始には飲⾷店の予約が取りづらいなどマインドは明るくなっています。
2024-01-01,変わらない,家計,津軽,美容院,給料と休⽇を増やすために値上げや⽣産性向上の努⼒をしているが、来店スパンが少し⻑くなっていたり、よく出ていた複合メニューの割合が下がっていて、思うような結果までにはなっていない。
2024-01-01,変わらない,家計,津軽,観光名所等,コロナ明け特需の反動による国内客減少。⻘森空港国際定期便就航によるインバウンド客増加。
2024-01-01,変わらない,家計,東青,百貨店・スーパー,⼈の動きは以前よりあると感じますが、お⾦をかけるもの、かけないもののメリハリは3ヶ月前と変わっていないため。
2024-01-01,変わらない,家計,津軽,ガソリンスタンド,イベントの通常開催、旅⾏、帰省などに対しての⾏動制限がなくなったことで経済活動の動きは増したように感じる⼀⽅で、⾷料品・⽣活用品や光熱費の⾼騰は続いており、⽣活する上で身近なものの価格が変動しているため、景気が上向いているように感じにくい。
2024-01-01,変わらない,家計,津軽,乗用⾞販売,物価⾼騰に賃⾦が追いついていない。
2024-01-01,変わらない,家計,津軽,スナック,物価⾼。
2024-01-01,変わらない,家計,津軽,住宅建設販売,イベント集客や展示場来客数が変わらないから。
2024-01-01,変わらない,家計,県南,百貨店・スーパー,3か月前からの数字の推移から、特に変化は⾒られない。
2024-01-01,変わらない,家計,県南,ガソリンスタンド,特段の変化は感じられない。
2024-01-01,変わらない,家計,津軽,設計事務所,建築資材が⾼騰してる影響だと思うが住宅着⼯数は前年対比で落ち込んでいるようです。幾分落ち着いてくれたら増となると思いますがその雰囲気は感じません。
2024-01-01,変わらない,家計,東青,観光名所等,紅葉シーズンから11月初旬の⼊場者数が多かった。夏も良かったので横ばい。
2024-01-01,やや良くなっている,企業,下北,⾷料品製造,物価⾼騰の話題やなるべく価格をおさえて商品を買うようにしている⽅が多く感じますが、来客数はあまり変化がないように思います。
2024-01-01,変わらない,家計,県南,観光名所等,⼤きな変化がなく、このままの状態が続くと思われる。
2024-01-01,良くなっている,家計,津軽,⼀般小売店,第⼆四半期が前年比割れだったが、第三四半期は久しぶりの⼆桁アップだったので。
2024-01-01,やや良くなっている,家計,東青,百貨店・スーパー,晩夏〜初秋まで、⾼温が続き外出を控える傾向が強く、購買意欲が低下しているように感じた。冬に⼊るにつれ、少しずつ⼈流が出てきた。また、客船の接岸等による外国⼈観光客の増も好調要素となった。
2024-01-01,やや良くなっている,家計,東青,⼀般飲⾷店,年末になって、⻑くコロナで移動を控えていた⼈やイベント(忘新年会)を我慢してきた⼈が久しぶりにお店での会合を⾏った。
2024-01-01,やや良くなっている,家計,東青,美容院,少しずつ本当に少しずつ前向きになっています。
2024-01-01,やや良くなっている,家計,津軽,商店街,年末年始や通常の帰省が可能になった現在、3ヶ月前の秋よりは⼈が移動している様⼦が伺える。1月上旬の抽選会⾏事では前年度よりも抽選券の回収率もよく、街へ出て買い物をしている様⼦も感じられた。
2024-01-01,やや良くなっている,家計,津軽,旅⾏代理店,売上が安定している。企業の旅⾏も増えてきている。
2024-01-01,やや良くなっている,家計,津軽,レストラン,⼀昨年と比べると昨年(12月まで)は上向きだったが、直近(12月後半から）は下向きのため。
2024-01-01,変わらない,家計,東青,⼀般小売店,冬期に⼊り、観光目的その他での流⼊に⼀服感。
2024-01-01,やや良くなっている,家計,県南,旅⾏代理店,海外旅⾏も団体での申し込みになってきている。
2024-01-01,やや良くなっている,家計,県南,卸売業,御歳暮需要により売り上げが伸びているため。
2024-01-01,やや良くなっている,家計,下北,レストラン,客単価が⾼くなっている。
2024-01-01,やや良くなっている,家計,下北,タクシー,年末の帰省や、旅⾏で遠出・出国するニュースを⾒ていると、コロナ前より動きが多いことと、外国⼈のインバウンドが戻っているとのことで。
2024-01-01,やや良くなっている,家計,下北,ガソリンスタンド,秋に観光客が増えた感じでした。当市内でも中国語を話している⼈を何⼈か目撃しましたし、ホテルの宿泊が取れないという話をよく聞きました。年末年始の忘新年会もコロナ前までとはいかないようですが、ここ数年で⼀番良かったようです。
2024-01-01,やや良くなっている,企業,東青,広告・デザイン,お取引企業様（各種業種）のお正月初売りが軒並み好調だったと聞こえている。年初めの消費動向の良さを感じた。
2024-01-01,やや良くなっている,企業,県南,飲料品製造,忘年会シーズンまっただ中にあるが、11月から12月にかけて経済団体等ホテルでの⼤⼈数での会合もしっかり⾏われ、夜の街の⼈出も多く⾒られた。またビジネスや観光の目的で遠⽅からの⼈の動きも引き続き活発に⾒られる。
2024-01-01,やや良くなっている,企業,県南,建設,コロナも落ち着いて街中の⼈流も多くなり、買物客を多くみかけるようになった。特に円安の影響でインバウンドがコロナ前に戻ったように⾒え、観光分野で⾒ると地⽅にもよい影響を与えている感じはある。
2024-01-01,やや良くなっている,家計,県南,百貨店・スーパー,冬季賞与を昨年より多く頂いたため。
2024-01-01,変わらない,家計,県南,レストラン,地元のお客様の動きがいいとは言えない。スケートの⼤会で県外のお客様、プレミアム商品券利用のお客様で店内が賑わっているようには⾒えるが、お酒を飲む⽅は少なく残念に思います。
2024-01-01,変わらない,家計,東青,コンビニ,お客様の⼈数、売上げ等に変化がないため。
2024-01-01,変わらない,家計,県南,住宅建設販売,クリスマスや年末も活気がないような気がした、物価上昇で購買意欲が減退していると思う。
2024-01-01,やや悪くなっている,家計,東青,旅⾏代理店,物価が上がっているにもかかわらず、給料が上がらず⽣活が苦しい。
2024-01-01,やや悪くなっている,家計,津軽,コンビニ,⼈件費・光熱費が⾼騰しているのでお店⾃体はよくなっていない。
2024-01-01,やや悪くなっている,家計,津軽,都市型ホテル,観光客の減少。
2024-01-01,やや悪くなっている,家計,県南,スナック,平⽇が静かすぎる。タクシーも少なくて不便を感じる。
2024-01-01,やや悪くなっている,家計,県南,タクシー,11月中旬以降、タクシー需要が昨年に比べても、⽇に⽇に少なくなっている印象。年末、年始の需要も⼤したことはもなかった。忘新年会の話も会社単位での開催が年々少なくなっている感じだ。
2024-01-01,やや悪くなっている,家計,県南,商店街,ウクライナや中東の問題が継続したままで、解決の兆しが全く⾒えないから。
2024-01-01,やや悪くなっている,家計,県南,⾐料専門店,エネルギーコストの上昇に伴う家計負担増、⾷料品を中⼼とした必需品の値上げによる⽣活防衛意識の⾼まり。
2024-01-01,やや悪くなっている,家計,東青,ガソリンスタンド,倒産件数が増え、⼤⼿企業の撤退が目⽴つ。
2024-01-01,やや悪くなっている,家計,県南,家電量販店,物価の⾼騰や、ガソリンや燃料費が⾼く、消費⾏動に影響を感じる。
2024-01-01,やや悪くなっている,家計,県南,設計事務所,まだ好転する要素が少ない。
2024-01-01,やや悪くなっている,企業,東青,⾷料品製造,年末年始の予約状況、購⼊状況が非常に悪い。⾷⽣活に家庭の味、我が家の味、伝統の味が伝わっていない事を実感します。
2024-01-01,やや悪くなっている,企業,津軽,電気機械製造,部品の受注が減っている。
2024-01-01,やや悪くなっている,企業,県南,広告・デザイン,年末年始の売上に期待はあったが、様々な原料等の値上げで利益率が低下。簡単に価格を上げるわけにも⾏かず今後も苦労すると思われる。
2024-01-01,やや悪くなっている,雇用,津軽,⼈材派遣,所得が増えない割に、相変わらず顕著に物価上昇が続いているため、悪くなっているのではないか。
2024-01-01,悪くなっている,家計,東青,レストラン,12月は、クリスマス、年末のオードブル、お節などで忙しかったが、年が明けると、毎年のことだか、静かになる。特に今年は震災や航空機事故などで…。
2024-01-01,変わらない,家計,県南,⼀般飲⾷店,どのような要因かはっきりつかめていないが、今までの様⼦とがらっと異なる。はっきりしている事は、物価上昇、円安などが起因しているのかな〜と考えられる。
2024-01-01,やや悪くなっている,家計,県南,⼀般小売店,昨年からの電⼒、原油(ガソリン・灯油)価格、⾷品を中⼼とする物価の⾼騰で消費が停滞するから。
2024-01-01,やや悪くなっている,家計,東青,観光型ホテル・旅館,忘年会需要は例年並みまで届かず、対して個⼈は比較的堅調です。
2024-01-01,やや悪くなっている,家計,県南,コンビニ,個⼈も企業も経費の負担が増えているように思える。
2024-01-01,やや悪くなっている,家計,東青,⾐料専門店,コロナ明け、街を⾒ると観光客の流⼊も感じられることから雰囲気は良くなってるはずが商店街の活気は感じられない、来店者のわくわく感、ドキドキ感も弱いように感じられる。
2024-01-01,変わらない,家計,県南,美容院,顧客の来店頻度にあまり変化がないのと、会話内容にもあまり変化が感じられない。
2024-01-01,やや悪くなっている,家計,東青,都市型ホテル,前年まで実施されていた宿泊施策「全国旅⾏⽀援」終了により、冬季間の宿泊者の動きが鈍化。インバウンドも増加傾向にあるが、旅⾏者の絶対数から恩恵は駅前周辺ホテルに限定されているように感じます。飲⾷部門についてはアフターコロナで忘年会の戻りを期待していたが直近の問い合わせが多く、早め問い合わせで計画的に⽇程調整などできていればより売上につなぐことができた。⾃社として次年度への課題。
2024-01-01,変わらない,家計,下北,百貨店・スーパー,所得があがったが各種要因で物価が上昇しているため総合的には変わらないか下がり気味である。
2024-01-01,変わらない,家計,下北,都市型ホテル,コロナウイルス感染症の５類移⾏後、⼈の動きは活発化したが、それもひと段落した感じで、やや落ち着いている印象です。
2024-01-01,変わらない,家計,下北,⼀般飲⾷店,３ヶ月前は、そろそろコロナも収束して良くなるだろうと思ってすこしは景気も良くなるんじゃないかと思われたんですが、物価の上昇もあり、当市だけでしょうか︖なかなか財布の紐が硬いです。
2024-01-01,変わらない,家計,下北,コンビニ,⾼い値段のものにあまり⼿を出さない。年⾦をかなり待って使っている。
2024-01-01,変わらない,企業,東青,経営コンサルタント,労働⼒不⾜、物価上昇解消の抜本的な対策が取られていない。
2024-01-01,変わらない,企業,津軽,経営コンサルタント,地元経済団体の集まりは昨年と比べると格段に⼈も集まり活発になってきているものの、個々の事業所からはあまり業績が伸びていない、今後の⾒通しも天候等に左右される部分が多いなどの声が聞こえた。冠婚葬祭も結婚式は内輪でこじんまり、葬儀はコロナ禍の会葬⽅式がすっかり根付いてしまったように⾒える。ただ昨年に比べると年末年始の交通機関の混雑と外国⼈も含めた観光客が久々に増えたなと感じました。
2024-01-01,変わらない,企業,県南,紙・パルプ製造,現状の⽣産・販売量が今後も同じレベルのため。
2024-01-01,変わらない,家計,県南,乗用⾞販売,年末年始の⾏事及び⼈の動きもコロナ前にもどり、⼈流も増加し市場に活気が出てきている。
2024-01-01,変わらない,企業,県南,電気機械製造,コロナ明けが本格的になり個々⼈では「旅⾏に⾏った」「美味しいものを⾷べてきた」など聞きますが、ビジネスでは欧州の戦争や中国経済の冷え込みで案件が少ないままです。
2024-01-01,変わらない,企業,県南,⾷料品製造,物価⾼の中、賃⾦が上がっていないため。
2024-01-01,変わらない,雇用,東青,求⼈情報誌,特に求⼈広告では、これまで採用を控えていた企業が時期を⾒た上で出稿する企業と、予算の事情で採用活動に費用をかけられない企業とに⼆分している印象がある。昨秋からこの傾向が続いているため、変動はないと感じている。また昨年は特に商品にかかる製造費用が⼤幅に上昇し、会社として利益を上げにくい環境になっている。この状況が変わらない限り、景気が上向くことは難しそうである。
2024-01-01,変わらない,雇用,東青,新聞社求⼈広告,物価の上昇、燃料費の⾼⽌まり、伸び悩む賃⾦、社会不安の影響で消費が回復しないので、少なくとも良くなっている感覚はないと思います。
2024-01-01,変わらない,雇用,津軽,新聞社求⼈広告,インバウンドの増加により観光関連は持ち直し傾向にあるとはいえ、業種や業者によってバラつきがみられる。原材料価格や光熱費の⾼騰、慢性的な⼈⼿不⾜などが影響しているように思う。
2024-01-01,変わらない,雇用,県南,新聞社求⼈広告,せっかくコロナが5類に引き下がったのに、物価⾼により飲⾷業の調⼦が上向かないため。
2024-01-01,変わらない,企業,県南,経営コンサルタント,宿泊飲⾷業は、⼈流の増加で売上増加傾問が続いているが水産加⼯業は、サバ等水揚げ不振で原料確保難が続いている。
2024-04-01,やや良くなっている,家計,下北,都市型ホテル,コロナ感染症が５類へ移⾏してから、初の歓送迎会時期だったが、かなり以前に戻ったように感じます。但し、冠婚葬祭は規模がコロナ禍で縮小したまま定着してしまったと思います。
2024-04-01,やや良くなっている,企業,東青,広告・デザイン,クライアントからの受注が順調に推移。それを⾒据えてのR6自社予算計画をたてられている。
2024-04-01,やや良くなっている,企業,津軽,食料品製造,物価が上がっている中で多少価格が安定してきている物もある。
2024-04-01,やや良くなっている,企業,津軽,電気機械製造,受注が増えて来ている。
2024-04-01,やや良くなっている,企業,県南,紙・パルプ製造,生産・販売量が増えているため。
2024-04-01,やや良くなっている,企業,下北,食料品製造,季節が変わり⼈の出⼊りも増えはじめ冬季よりは客数が増えた為やや良くなっているを選択しました。
2024-04-01,やや良くなっている,雇用,津軽,新聞社求⼈広告,春の観光シーズンへの期待感から⼈やモノが動いている。
2024-04-01,変わらない,家計,東青,一般小売店,引き続き、やや上昇気配ということ。
2024-04-01,変わらない,家計,東青,旅⾏代理店,物価の高騰に賃⾦UPが追いついていない。
2024-04-01,変わらない,家計,東青,タクシー,コロナ明けによる社会活動の復活は徐々に⾒られるものの、諸物価（特に食料品）の高騰と⼈⼝減少（それに伴う⼈⼿不足）による個⼈消費の低迷、企業にとっては労働時間の２０２４年問題に意味不明の賃上げ要請に⾦利復活と、個⼈と企業の双方に明るい要素が何も⾒られないまま時が経過してゆくものと思われます。
2024-04-01,変わらない,家計,東青,設計事務所,賃⾦、初任給、株価、が上昇、地方都市の経済環境にどの程度の波及現象が⾒られるのか今のところ肌では感じ得ない。建築資材価格も高止まり、職⼈不足もあり好材料がない。
2024-04-01,変わらない,家計,東青,商店街,気候が暖かかったため、季節商品の動きは鈍かった。しかし、街の⼈通りは着実に増えているため。
2024-04-01,変わらない,家計,津軽,ガソリンスタンド,⾏動制限や制約のない⾏事・イベントによる⼈やお⾦の動きの活発化、各企業においては賃⾦アップの傾向がみられることから景気が上向いているように感じる要素はある。その反⾯、原材料・光熱費の高騰、物価高の状況は続いており、個⼈・消費者側としては生活水準が上がったとはなかなか感じづらく、企業・売り⼿側としては積極的な値上げ等を講じることは顧客離れにつながることから「企業努⼒の限界」のギリギリまで耐えている場合が多いため、総合的にみてどちらとも言えない（変わらない）。
2024-04-01,変わらない,家計,津軽,娯楽業,⼈々の動きは活発になったとは思うが、景気自体が良くなってるかと言われたら、大きく変わってないと思う。
2024-04-01,変わらない,家計,津軽,乗用⾞販売,2023年度より賃上げが実現され、本年度も賃上げが実施される⾒込ではあるが実質賃⾦はまだまだプラスとは言えず、まだまだ高額商品の買い控えは続くと思われる。
2024-04-01,やや良くなっている,家計,下北,タクシー,物価に追いついていないとは言え、昇給や賃上げも実施され、気持ち的には余裕が出ていると思います。
2024-04-01,変わらない,家計,東青,百貨店・スーパー,年度末の異動等、歳時期の⽀出単価が下がったから。
2024-04-01,やや良くなっている,家計,下北,レストラン,客単価が上がっている。
2024-04-01,良くなっている,家計,津軽,百貨店・スーパー,当社の来客数・売上⾦額共に上昇している為。
2024-04-01,やや良くなっている,家計,津軽,一般小売店,マスクを外す⼈が、少しずつ増えてきているので、当社の取り扱い商品の需要は少しずつアップしている。
2024-04-01,変わらない,家計,津軽,スナック,物価高や燃料費高騰。
2024-04-01,良くなっている,家計,津軽,設計事務所,私の周囲の建設業関連業者においては今年計画している⼯事や業務のボリュームが例年以上と感じます。年度初めという影響もあると思いますが飲食店も予約がなかなか取れないほど繁盛しているようです。
2024-04-01,良くなっている,家計,県南,旅⾏代理店,社員旅⾏や団体ツアーを⾒積もる際、希望の⾏き先に海外を挙げる方が増えた。カレンダーで連休になりそうな⽇は、早めに旅⾏計画をして来店相談する方が増えた。
2024-04-01,やや良くなっている,家計,東青,卸売業,ドラッグストアが好調。管内に大⼿小売り店オープンと活気づいている。
2024-04-01,やや良くなっている,家計,東青,百貨店・スーパー,⾏事やイベントも制限されることなく以前のような通常開催が増えているため。天候に左右されてる点もあるが、外出している⼈が多くなっており、消費に繋がっている。
2024-04-01,やや良くなっている,家計,東青,⾐料専門店,前回の調査で現況は悪いと回答しましたが、暖冬から雪対策の心配から解放され外出が増えているようです。また門出の時期でもあり洋服等を新調される方が活発になってきました。
2024-04-01,やや良くなっている,家計,東青,一般飲食店,⾊々季節の⾏事、⼈事異動に伴ってこれまで自粛していた送別会などが少し増えた。まだまだひかえている方もいるが次第に上向きになっているように感じました。
2024-04-01,やや良くなっている,家計,東青,都市型ホテル,宿泊︓旅⾏⽀援の特需が終了したが、一定数の観光、ビジネス需要は継続している。今後もインバウンド増加等で需要は継続すると思われます。飲食︓宴会自粛ムードも終了し、コロナ前の状態に戻っている。大規模な宴席が減少の傾向あり、という話も聞くが、当館については宴会場の規模で大型案件の受注ができないことからその影響は感じられません。また、今後は冠婚葬祭等親族の集まりも以前通りに実施されることを期待しています。
2024-04-01,やや良くなっている,家計,東青,ガソリンスタンド,繁華街の夜の⼈出が増えているように感じるため。
2024-04-01,やや良くなっている,家計,東青,美容院,季節の変わりで出かける事が多くなった。現在は、コロナに対して気をつけなければというのは少なくなったように思います。
2024-04-01,やや良くなっている,家計,東青,家電量販店,物価の高止まりは依然として続いてはおりますが、観光需要やインバウンド消費の拡大などが景気の好循環を後押しする形となっているように⾒受けられます。また、高水準の賃上げも各企業で実施されていることも影響してか、個⼈消費は緩やかではありますが上昇傾向にあると判断されます。
2024-04-01,やや良くなっている,家計,東青,レストラン,インバウンドの影響があるかな?県外のお客様もちらほら。
2024-04-01,やや良くなっている,家計,東青,娯楽業,今年の冬は降雪量も少なく、天候も穏やかだったからか、１⽉から若⼲ではあるが、集客が増えました。
2024-04-01,やや良くなっている,家計,津軽,美容院,3ヶ⽉前の話題は震災の影響が⾊濃く残っていたが、今は春闘の満額解答など明るい話題がある。値上げラッシュは心配だが。
2024-04-01,やや良くなっている,家計,津軽,一般飲食店,県外、海外の観光客数が増えているが、スタッフが足りずに売上が増やせないでいる。
2024-04-01,やや良くなっている,家計,津軽,商店街,3⽉は海外、県外の観光客が増え、街歩きをしている姿を⾒かける。また4⽉からのさくらまつりに合わせて春期間は景気が一時的に良くなることが期待されるため。
2024-04-01,やや良くなっている,家計,津軽,レストラン,桜まつり期間の予約状況から。
2024-04-01,やや良くなっている,家計,県南,一般小売店,コロナの影響がほぼ収束した感が有る事。インバウンドを吸収できる業種はプラスに転じていると思うから。
2024-04-01,変わらない,家計,津軽,住宅建設販売,新築計画のお客さまは、一方的に⾦額が合いません。物価(資材)の高騰により更に値上がっていて私達自⾝が⾒積り提出に懸念をいだく程です。
2024-04-01,変わらない,家計,津軽,観光名所等,昇給の話、話題で周辺ではコロナも収まり加減。やれやれと思っていたら、4⽉に⼊り運賃や取扱の商品の異常の値上がり通告。以前から比べてゴミは大幅削減したにもかかわらずこれも大幅値上げ。社会環境の変化をじっくり確認している。
2024-04-01,変わらない,家計,県南,ガソリンスタンド,大きな変動はないように思われる。4⽉から各商品の値上げ状況が景気の足を引っぱるのか心配です。
2024-04-01,変わらない,雇用,県南,新聞社求⼈広告,業績が良いのは大⼿小売業など一部に限られている。企業の⼈⼿不足が慢性的で、それが好景気へのボトルネックになっている印象。
2024-04-01,やや悪くなっている,家計,東青,住宅建設販売,値上がりリスクを考えてお客さんの動きが鈍くなっている。
2024-04-01,やや悪くなっている,家計,津軽,コンビニ,降雪量が少なかったため、昨年より売り上げが減少しています。
2024-04-01,やや悪くなっている,家計,津軽,都市型ホテル,ホテルの宿泊稼働率の低下。
2024-04-01,やや悪くなっている,家計,津軽,⾐料専門店,高額商品が売れない。
2024-04-01,やや悪くなっている,家計,県南,観光名所等,3か⽉前と比較すると、客⼊数、売上共に減少している。
2024-04-01,やや悪くなっている,家計,県南,美容院,来店頻度がかなり悪くなっています。特に毎⽇の生活費についての心配の言葉を多く⽿にします。
2024-04-01,変わらない,雇用,津軽,⼈材派遣,相変わらず物価上昇が止まらない。一方、給与等所得収⼊は微増にとどまり実質収⼊減。この状況では景気が良くなるはずもない。
2024-04-01,やや悪くなっている,家計,県南,⾐料専門店,物価上昇。食料品、サービス含め賃⾦アップは特に地方には波及されていない。
2024-04-01,やや悪くなっている,企業,東青,経営コンサルタント,食料品関係では、国際市場の値下がりによる原材料価格の下落や価格転嫁による収益の上昇があるが、宿泊業・飲食サービス業は観光客の大幅な落ち込みがあること、消費者の節約志向の高まり、コロナの緩和による衛生用品の需要減少により卸売業は収益減少傾向にあるため、全体的にみると景気は３ヶ⽉前と比べて悪化してる。
2024-04-01,やや悪くなっている,企業,東青,食料品製造,この度の某サプリメントの健康被害から当該⾊素を使用した商品も影響が出始めている。確認や今後の使用に関して正しい情報がきちんと伝わることを切に願います。
2024-04-01,やや悪くなっている,企業,県南,食料品製造,物価は上がっているのに実質賃⾦が上がっていない。
2024-04-01,やや悪くなっている,雇用,県南,⼈材派遣,現状、お取引のある地元中小零細企業のお客さまは、昨今の原材料・物価・エネルギーや⼈件費の高騰、更に各種法令改定や労働⼒不足等に伴い厳しい経営状態にあるが、大⼿企業とは違い未だに打開策を⾒出していない業種業界が多い。そしてその課題の改善・解決までは、しばらく時間がかかると思うから。また、私ども⼈材派遣・⼈材紹介業としては、それに伴う大⼿企業と地元中小零細企業との労働条件・求⼈内容（採用時の待遇や昇給・賞与を含めた将来の展望、福利厚生や社内制度）の格差を、これまで以上に目にする様になってきている。
2024-04-01,悪くなっている,家計,県南,レストラン,4⽉に⼊り、急激に静かになりました。平⽇は出張のお客様でなんとか売り上げがありますが、週末街がガランとしています。
2024-04-01,悪くなっている,雇用,東青,求⼈情報誌,求⼈情報を⾒ていると、最低賃⾦改定による賃⾦の上昇は⾒られるが、それ以外（業績好調など）の理由でベースアップしている企業はほんの僅かだな、との印象を受ける。対して数年前から続いている、生活に必要なあらゆる物品の値上がりが、現在もなお止まらない（この先も止まりそうもない）値上がりの要因が原料・輸⼊コストの増大によるものではなく、企業の利益増大に結びつくものに転換されない限り給与に反映されることはなく、消費拡大には繋がらない。こういったことを考えると、現時点で景気が上昇しているとは感じ難い。
2024-04-01,良くなっている,家計,東青,観光名所等,国内外問わず来館者数が増加しているから。
2024-04-01,やや悪くなっている,家計,下北,百貨店・スーパー,賃上げムードより現状に即影響を及ぼす一連の値上げで消費活動が少々鈍化。
2024-04-01,変わらない,家計,県南,百貨店・スーパー,3ヶ⽉前と比較しても客単価に変化が⾒られない。一品単価は、価格上昇により上がっているが、買上点数はむしろ減っている。
2024-04-01,変わらない,雇用,東青,新聞社求⼈広告,物価、燃料価格の高止まり。物価上昇に⾒合う賃⾦上昇もなく、消費が停滞している。
2024-04-01,変わらない,企業,県南,電気機械製造,世の中で起こっている戦争や粉争、電気自動⾞化の停滞と中国経済の停滞で3ヶ⽉前に比べて大きな変化は⾒られません。国内経済も、賃⾦を上げても社会保険料も上がってしまうため、⼿取りが増えず気持ちが上がらないせいか消費意欲も上がっていない。
2024-04-01,変わらない,家計,県南,タクシー,コロナウイルス感染症が5類感染症移⾏後は、経済もゆるやかな回復基調の傾向は⾒られるが、物価の高騰、円安など、さまざまな要因から、将来の不安など、消費⾏動を抑制しているような感じがしている。ここ数カ⽉を比較しても、売上も前年同様もしくは前年割れの状況が続く。
2024-04-01,変わらない,家計,県南,一般飲食店,現実、昨比は横ばいで中々コロナ以前の状態には戻らない。それに並⾏して、⼈不足で縮小せざる得ない状態が続いています。飲食全体の問題で出⼝が⾒えない現状です。
2024-04-01,変わらない,家計,県南,卸売業,規模の大きい飲食店やホテルは売り上げが伸びているが、小さい居酒屋やスナックはあまり景気が良くないため。
2024-04-01,変わらない,家計,県南,コンビニ,給料も物価も3ヶ⽉前とは変わっていないと思います。
2024-04-01,変わらない,家計,県南,商店街,特に良いニュースも悪いニュースもないから。
2024-04-01,変わらない,家計,県南,住宅建設販売,物価高による影響が出てきていると思うが、賃上げムードも広がっているから。
2024-04-01,変わらない,家計,県南,家電量販店,4⽉からの食材の値上げ、や水産業の不振など。
2024-04-01,変わらない,雇用,東青,⼈材派遣,景気拡大に伴う⼈材不足で⼈財オーダーはいただくが、⼈⼿不足が顕著で思うように、⼈員補充が出来ず企業運営にブレーキが掛かりそう。
2024-04-01,変わらない,家計,県南,乗用⾞販売,物価高騰の影響が大きい。大⼿企業では、ベースアップ賃上げが満額回答で妥結しているところが目⽴つが、地方企業では、そこまで辿り着かず、家計の収⽀は厳しい状況である。
2024-04-01,変わらない,家計,下北,ガソリンスタンド,ホテルでの宴会はコロナ前ぐらいに戻ってきているようで大分忙しいようですが、冠婚葬祭は全く⼊らないようです。都内では外国⼈を沢山みましたが、当市内では全くと言っていいほど⾒ることがありません。都会と田舎の格差がますます広がっているように思います。
2024-04-01,変わらない,家計,下北,コンビニ,当市と当市の周辺は、いい話を聞かない。
2024-04-01,変わらない,企業,東青,建設,消費動向が小幅に増加しているが、失業率は若⼲悪化している。
2024-04-01,変わらない,企業,津軽,経営コンサルタント,少しずつ賃上げや定年引上げの傾向が出てきているが、まだ直接景気に結びついていない。
2024-04-01,変わらない,企業,県南,飲料品製造,観光客などの動きは活発化しており、飲食店などにも以前より⼊り込んでいる模様。ただ歓送迎会の時期とすれば物足りず。商品の出荷なども予定通り進んでいるが、資材などの値上げ等あり引き続き経費が圧迫されている。
2024-04-01,変わらない,企業,県南,経営コンサルタント,飲食業、宿泊業は、⼈流の増加で売上増加基調は変わらないが製造業、特に水産加⼯業においては、原材料価格の上昇、エネルギー価格の高止まりで厳しい経営が続いている。
2024-04-01,変わらない,企業,県南,広告・デザイン,仕事量はほぼ変わらない状況であるのに、様々なモノが値上がりし、利益が減ってる状態が続いてる。
2024-04-01,変わらない,企業,県南,建設,特別変化をもたらす景気上昇の要因は⾒当たらない。スーパーなどの個⼈購⼊は上向いていると思うが、今年は少雪の影響で冬の観光、スキー客需要は落ち込んでいる。
2024-04-01,変わらない,家計,県南,設計事務所,良くなったという情報が⼊らない。
2024-07-01,やや悪くなっている,企業,津軽,飲料品製造,物価は上昇しているが、収入はそれに対応していない。
2024-07-01,やや悪くなっている,雇用,県南,人材派遣,業種業界によって景気観に差はあるが、全体的に円安、原燃料費高騰に係る課題が未だ解決できておらず、企業経営が厳しい様に見える。
2024-07-01,やや悪くなっている,家計,下北,レストラン,物価の高騰。
2024-07-01,やや良くなっている,家計,下北,ガソリンスタンド,総会後の懇親会がコロナ禍前のように通常開催する団体が多くなり、飲食店も潤ってきているのではないか。また観光客も昨年に比べて増えてきているように感じられる。その反面、物価高騰で家計や会社の経費が圧迫されていると思われる。
2024-07-01,やや良くなっている,家計,下北,タクシー,新紙幣が発行になり、キャッシュレス時代の若者にも興味が出てお金の動きが出ると思います。
2024-07-01,やや良くなっている,家計,下北,都市型ホテル,昨年からですが、春から宿泊数が増え冬になるまでの間満室の日が多くなっています。また、企業の総会時期でしたが、総会後の懇親会も確実に増えています。
2024-07-01,やや良くなっている,企業,東青,経営コンサルタント,食料品関係では、円安、原材料高、消費者の節約志向による売上の伸び悩みが影響し、景況は下向きである。ただし、観光需要がインバウンドを含めて回復し、宿泊・飲食サービス業を中心に景況感が上向き全体を押し上げている。
2024-07-01,やや良くなっている,企業,津軽,電気機械製造,受注量が増加しているため。
2024-07-01,やや良くなっている,企業,県南,飲料品製造,会合等が正常におこなわれ街中へも人の流れが感じられる。また直売所への観光客なども増えている。
2024-07-01,やや良くなっている,企業,下北,食料品製造,お客様の増加。
2024-07-01,やや良くなっている,家計,県南,一般小売店,イベントや商業施設のリニューアル等が目立ってきた。
2024-07-01,やや良くなっている,雇用,東青,人材派遣,各企業での求人数が少し上昇している。
2024-07-01,変わらない,家計,東青,百貨店・スーパー,値上げにより価格の上昇はまだ続いているため、必要以上の買い物はしない傾向が継続している。結果として１回あたりのお客様の購入金額は変わっていないため。
2024-07-01,変わらない,家計,東青,一般飲食店,ゴールデンウィークに集中していたのが、その前後は人の動きがあまりなかったです。例年に比べると6月はやや人が動いた感もあるのですが、景気回復とまでは言えない気もしています。
2024-07-01,変わらない,家計,東青,住宅建設販売,全体的には上向きに感じられるが、地元関係者の状況をみると決して景気が良いとは感じられない。また４月からの働き方改革が物流コストアップや納期遅れに影響し建設業においては工事工程に大きく影響している。地元企業では賃金アップがあまり見られない上に、生活コストの値上がりが日々の生活と将来投資を後ろ向きにしている。
2024-07-01,変わらない,家計,東青,設計事務所,円安のままでは経済的にも心理的にも大きな負担と不安が晴れることなくのしかかっています。建築資材の値上がり、職人の減少などマイナス要因はありますが、物件数は発生しており業界は回っております。
2024-07-01,変わらない,家計,東青,娯楽業,売上が良い月があれば、翌月下がったりで安定しないです。
2024-07-01,変わらない,家計,津軽,美容院,去年に続き今年の春に二度目の値上げをしたが、お客様も事情を受け入れてくれて客足にもあまり影響は無いようだ。
2024-07-01,変わらない,家計,東青,百貨店,これまでに比べ、セールや割引などへの反応が大きくなっているから。
2024-07-01,やや良くなっている,家計,県南,商店街,業種は絞られるが飲食、宿泊等はお客様の動きがあるように感じる。
2024-07-01,やや良くなっている,家計,県南,卸売業,御中元の時期を迎え、ギフトの注文が増えている。宴会や飲み会などの予約が入ってきている。
2024-07-01,やや良くなっている,家計,県南,一般飲食店,季節的な関係や各種イベントなどで、人出が増えている。そんな要因と考えられる。
2024-07-01,良くなっている,家計,東青,一般小売店,４、５月は駅東口駅ビル開業など中心街の再開発完了、行動制限のないGW、国内人流の活性化、過去最多数のクルーズ船寄港や航空国際定期便再開をはじめとするインバウンドの回復等、好材料が目に見え、且つきちんと数字にも表れている。６月も観光業界では、絆まつりが当市で開催された昨年の数字を上回っている。
2024-07-01,良くなっている,家計,東青,観光名所等,来館者が増えている。大人の休日パス利用者も例年より増加。
2024-07-01,良くなっている,家計,津軽,商店街,さくらまつり、ねぷたまつりと大きい祭りを２回過ぎると外出癖が増加するはず。
2024-07-01,やや良くなっている,家計,東青,卸売業,商品の値上げが続き消費者の買い上げ点数が減っている。
2024-07-01,やや良くなっている,家計,東青,衣料専門店,式典、各種団体会合が通常通り開催され、着用する洋服の需要が増えている。来店者の笑顔が良い。
2024-07-01,やや良くなっている,家計,東青,美容院,いろいろな物が値上がりしましたが、それなりに対応しているように思います。慣れるというよりは、そうしていかなければという生活態度があるように見えます。
2024-07-01,やや良くなっている,家計,東青,旅行代理店,お客様より仕事の受注の数が増えている(昨年比的にも)。
2024-07-01,やや良くなっている,家計,東青,商店街,新施設もオープンし、街なかの人通りが増えている。GWにはインバウンド含め観光客も多く、飲食店の予約も非常にとりづらい状況であった。現在、昨年の暑さの記憶が新しいのと実際に暑さが早く来たので季節商品の動きも活発。
2024-07-01,やや良くなっている,家計,東青,スナック,良くなっている…と思ってますが決して良くなっていないですね。居酒屋さんがうらやましいです。
2024-07-01,やや良くなっている,家計,津軽,百貨店・スーパー,売り上げ増加。
2024-07-01,やや良くなっている,家計,津軽,設計事務所,建築業界は業務量が多くとても好景気のようです。建築関連である設計事務所も同様に景気は上向きです。設計した物件の見積もり依頼を建設業者数社にお願いしますが、人手が足りないということで断られるケースが多くなりました。
2024-07-01,やや良くなっている,家計,津軽,旅行代理店,会合が増え人の動きも多くなっていると感じる。
2024-07-01,やや良くなっている,家計,津軽,コンビニ,イベントが弘前城や岩木山や河川敷であったおかげで少しですが恩恵がありました。
2024-07-01,やや良くなっている,家計,津軽,都市型ホテル,宿泊客が増加している。
2024-07-01,やや良くなっている,家計,県南,スナック,お客様の数が増えた。
2024-07-01,変わらない,家計,津軽,観光名所等,期待していた台湾からのお客様が少なかった。
2024-07-01,変わらない,家計,津軽,レストラン,３か月前はさくら祭り期間であり、観光客等の需要があったが、現在は、特に何もない為。
2024-07-01,変わらない,家計,東青,レストラン,県外のお客様が多い時には地元のお客様が少なかったり、また逆の時もあるので、そんなに変化はしてないと思う。毎年のことだけど、ねぶた祭などで盛り上がって観光客もたくさん来てくれることを信じて良くなってほしい。
2024-07-01,変わらない,家計,津軽,スナック,コロナの影響等はないが物価高などの影響。
2024-07-01,変わらない,雇用,東青,求人情報誌,観光などを中心に売上が伸びていると聞いているが、その利益が労働者に回っている実感がない。
2024-07-01,変わらない,雇用,東青,新聞社求人広告,物価、エネルギー価格の高止まりの影響で、消費を控える傾向は変わっていないと思うので。
2024-07-01,変わらない,雇用,津軽,新聞社求人広告,長引く物価の高騰、人手不足などで取引先から景気のいい話が聞こえてこない。
2024-07-01,変わらない,家計,津軽,家電量販店,物価上昇と賃金アップとの関係。
2024-07-01,やや悪くなっている,家計,東青,都市型ホテル,観光シーズンを迎え、宿泊単価は上昇しているものの、昨年実施されていた旅行支援の反動で旅行需要が低下しているように感じる。会議・宴会需要は昨年同様の動き。
2024-07-01,やや悪くなっている,家計,東青,家電量販店,小売業を中心に円安によって原材料の輸入価格が上昇し、物価高となり個人消費の低迷が長引いている。また、人手不足から賃上げに踏み切る中小企業が増えているが、物価高で実質賃金マイナスが続き2022年から家計悪化となる深刻な状況と考える。
2024-07-01,やや悪くなっている,家計,津軽,一般小売店,前年比が３か月前と比べて１ポイント下がったので。
2024-07-01,やや悪くなっている,家計,津軽,衣料専門店,物価高。コロナ禍はいろんな補助金があったが今は全くない。あってもお米券で商店街には関係ない。
2024-07-01,やや悪くなっている,家計,県南,旅行代理店,物価が上がっていて先が見えない。
2024-07-01,やや悪くなっている,家計,県南,観光名所等,客入数、売上共に減少傾向である。
2024-07-01,やや悪くなっている,家計,県南,レストラン,当市の中心街に人が居ない。
2024-07-01,やや悪くなっている,家計,県南,百貨店・スーパー,電気料金・ガス料金の補助終了、飲食料品の値上がり、ガソリン代の値上がり。
2024-07-01,やや悪くなっている,家計,県南,タクシー,2023年６月に料金改定したにも関わらず、同業者（同地区）ともに前年割の状況になっている。ニュースなどでは、インバウンド需要もコロナ前に戻った（超えた）との話も耳にするが、地域的に恩恵を受けていない。一般の需要が戻らないことには景気がよくなったとは思えない。
2024-07-01,やや悪くなっている,家計,県南,住宅建設販売,新築住宅よりも中古住宅の売上割合が増加している。
2024-07-01,やや悪くなっている,家計,県南,美容院,マスコミや世間話で日用品、生鮮食品の値上げが報道されているせいか、心の中の危機感が表面に見えて来ている様に感じられます。
2024-07-01,変わらない,企業,県南,食料品製造,インバウンド需要が伸びてきているが、一部の業界だけが潤っている感じ。
2024-07-01,変わらない,企業,県南,電気機械製造,戦争や紛争、日本の一般市民としては実質手取額の減少があり、円安で、何ごとにもお金を節約し出費を抑える動きが強い。
2024-07-01,やや悪くなっている,家計,東青,タクシー,平日のスーパーマーケットの人の出が少なすぎる上、大手スーパーが撤退する理由も理解できる程の昼の老人たちの時間つぶしスペース化が顕著になっている。特に日中の暑さを感じるようになってからというものこれらの現象は著しく加速している様だ。野生動物の人間界への進出も大きな問題だし景気を引き下げる要因のひとつとなっている。日本国機能の一極集中化や人間の移動も限定されたモノになってきている事は間違いない。徹底した無駄の排除をせざるを得ないという事実も大いなる問題なのではないか。
2024-07-01,変わらない,企業,県南,広告・デザイン,仕事量はほぼ変わらないが、物価上昇や円安の影響で仕入れ金額も上がり利益が下がっている。かと言って簡単に値上げも出来ず売上が下がっている。
2024-07-01,変わらない,家計,津軽,住宅建設販売,新築工事は減っているが、リフォーム工事は増えているので。
2024-07-01,変わらない,家計,県南,百貨店・スーパー,売上高の変化が見られない。
2024-07-01,変わらない,家計,県南,ガソリンスタンド,物価の上昇は止まらず、家計における消費支出が控え目になっているように感じられる。貯蓄性向が高いと言われているが、その部分においてかろうじて均衡を保っている状況ではないかと思う。
2024-07-01,変わらない,家計,県南,コンビニ,売上、客数とも、ほぼ同じで変わっていない。
2024-07-01,変わらない,企業,県南,建設,レジャーやショッピングなど外出動向は以前より高くなっているものの、様々な食品、電気、燃料、資材、材料などが数か月おきに値上げが繰り返されていて、家庭では節約志向が続いて出費額は抑えられる傾向にある。
2024-07-01,変わらない,家計,県南,衣料専門店,生活コストの値上げ、食料品コスト、エネルギーコスト、サービスコスト等。
2024-07-01,変わらない,家計,県南,乗用車販売,定額減税が６月から実施されていますが、可処分所得での実感がわかないとの声が多くでている。
2024-07-01,変わらない,家計,県南,家電量販店,売上実績は前年を上回っていますが、内容は夏場に多く売れるエアコンの販売の前倒しの売上となってます。6月からの定額減税の効果としては感じない。
2024-07-01,変わらない,家計,下北,コンビニ,インバウンドも来ない。競合は増える。人口も減る。
2024-07-01,変わらない,企業,東青,広告・デザイン,政府が、８月から３か月間の「酷暑乗り切り緊急支援」（８月・９月・10月分、３か月について電気・ガス料金補助）、年金世帯や低所得者、地方経済に焦点を絞って、物価高の中で食費の高騰などに苦しんでおられる年金世帯や低所得者世帯を対象として、追加の給付金で支援の二段構えの対策を明言する等、中々物価高騰が収まらず、消費控えが見られる感がある。
2024-07-01,変わらない,企業,東青,食料品製造,インバウンドビジネス関係者を相手にできる企業は好調のようですが、水産は食傾向の変化で家庭における水産物の購入比率はさがっております。海水温の上昇とドライバー問題、働き手問題、とにかく厳しいです。
2024-07-01,変わらない,企業,津軽,経営コンサルタント,特に何かの業種で良いということも聞かないが、全体的に悪くはない。物価が上がっているのも価格転嫁されていると思う。よく今年の最低賃金はいつ頃いくら位上がるだろうかということは話題に上がるので、人件費の高騰についてはみんな悩みどころである様子だ。
2024-07-01,変わらない,企業,津軽,食料品製造,良くもなく悪くもなく。
2024-07-01,変わらない,企業,県南,経営コンサルタント,飲食業、宿泊業は、人流の増加で引き続き売上が増加傾向であるが、製造業、水産加工業については、エネルギー価格、原材料価格の高騰が継続している状況である為。
2024-07-01,変わらない,家計,下北,百貨店・スーパー,インバウンド等の需要拡大の反面、円安による原材料費、配送費等の高騰により立場が大きく変化しているため。
2024-10-01,やや悪くなっている,家計,県南,スナック,客数が減ったような気がする。
2024-10-01,やや悪くなっている,家計,県南,住宅建設販売,物価上昇でも給与が変わらないため、節約志向が強くなっている。
2024-10-01,やや悪くなっている,家計,県南,卸売業,小売りでは多くの商品が値上げとなっており、特にアルコールの売上げが落ちている。卸売ではスナックの閉店がちらほら出ている。
2024-10-01,やや悪くなっている,家計,県南,百貨店・スーパー,お⽶、その他の価格上昇。
2024-10-01,やや悪くなっている,家計,県南,美容院,10⽉を迎え、物価の値上がり(食品、交通運賃なども含め)で、かなり出費に対して警戒しているようです。来店回数が減っています。
2024-10-01,やや悪くなっている,家計,県南,観光名所等,夏の猛暑のためか、彼岸の花が少なく、売上げが減少した。
2024-10-01,やや悪くなっている,家計,津軽,住宅建設販売,打合せ(計画、新築、リフォーム)をしていても、予算の壁が厚く、資⾦の工⾯等を考えると、買い控え、計画のストップが相次いでいること。
2024-10-01,やや悪くなっている,家計,県南,旅⾏代理店,売上げが減っている。
2024-10-01,やや悪くなっている,家計,県南,家電量販店,物価⾼の影響等が続いていると感じる。10⽉以降も物価⾼が増すことから、購買意欲が低いのではないかと思われる。
2024-10-01,やや悪くなっている,家計,津軽,スナック,祭りや連休など家族での消費をしていて、夜の飲食店には人出が減っている。
2024-10-01,やや悪くなっている,家計,津軽,商店街,９⽉は農家さんが忙しく、お⾦を使う人が減っている。
2024-10-01,やや悪くなっている,家計,津軽,観光名所等,売店の客単価が上がらない。
2024-10-01,やや悪くなっている,家計,県南,ガソリンスタンド,物価が上昇する中で、個人消費を控える動きとなっていると思われる。
2024-10-01,やや悪くなっている,家計,県南,⼀般小売店,良く言われる事だが、選挙の時は売上げが悪い。
2024-10-01,やや悪くなっている,家計,東青,家電量販店,燃料価格の⾼騰により電気代・ガス代の物価⾼騰対策を政府が実施していたが、その政策も終了し消費者の負担額が⼤きくなっていることや、⽇用消耗品、食品の相次ぐ値上げで節約意識が依然⾼まっており、購買意欲の低下がうかがえる。
2024-10-01,やや悪くなっている,家計,下北,⼀般飲食店,国全体で何もかも値上がりしているため、お客様の財布の紐が緩まない。
2024-10-01,やや悪くなっている,企業,東青,建設,⼤手が中小の仕事に参入してきている結果。
2024-10-01,やや悪くなっている,企業,津軽,食料品製造,物価⾼。
2024-10-01,やや悪くなっている,企業,津軽,飲料品製造,物価が更に⾼騰している。人材の県外流出。
2024-10-01,やや悪くなっている,企業,県南,広告・デザイン,原材料の⾼騰により仕入れ値が上がり、価格を上げざるを得ない状況が続いて、お客様も経費削減を重視している。今までは外注していた印刷やデザインも⾃社でやれるような⽅向にシフトしている。
2024-10-01,やや悪くなっている,企業,県南,建設,食品や原材料の値上げが⽌まることを知らないし、⼀品⼀品の値上げ幅がとても⼤きすぎる。以前よりは食事やショッピングに⾏く回数は確実に増えていると思うが、⼀⽅で財布の紐を固く締め、低予算と化しているのが現状。
2024-10-01,悪くなっている,家計,津軽,⼀般小売店,商店街の中にあった百貨店が破産したことで、来街者が減り閑散としているのに加え、⽶をはじめ諸物価が値上がりしているため、消費者の購買⼒が落ちており、客数・客単価ともに落ちている。
2024-10-01,悪くなっている,家計,津軽,⾐料専門店,物価⾼。
2024-10-01,悪くなっている,家計,県南,コンビニ,売上・客数・客単価、どれを⾒ても減少。お客様においても残業が減ったり、資⾦が減ったり。
2024-10-01,悪くなっている,企業,津軽,電気機械製造,受注が徐々に減ってきている。
2024-10-01,やや良くなっている,家計,東青,レストラン,今年の夏は暑すぎで、このような業態のお店は全国的に苦戦。これからは涼しくなり、秋の食材が出始めるので、徐々によくなるのでは。
2024-10-01,やや良くなっている,家計,東青,美容院,物価が⾼い。とは言っても生活していかないとだめなので、それなりに慣れるしかない。
2024-10-01,やや良くなっている,家計,東青,⾐料専門店,来街者が増えている。地元⺠は減っていると思うが、ツアー客が増えて賑わいがあり、若者も増えている。当社のビジネスに直接の影響は薄いが、雰囲気は良い。夏から秋の中⼼街区でのイベントが⼤きく寄与しているようだ。また、駅のオープンも効果⼤である。
2024-10-01,やや悪くなっている,家計,津軽,百貨店・スーパー,物価⾼、生活コストの上昇。
2024-10-01,やや悪くなっている,家計,下北,レストラン,物価の⾼騰。
2024-10-01,やや悪くなっている,家計,東青,娯楽業,８⽉の業績は良かったが、９⽉は落ち込んで、その⽉によって良し悪しで不安定。
2024-10-01,やや良くなっている,家計,県南,商店街,業種によって格差は⼤きいが、宿泊や飲食は良いように思えるから。
2024-10-01,やや悪くなっている,家計,東青,⼀般飲食店,食材原価が上がっています。もちろん巷でも物価が上がっていて、お客さんが来店されても少しおさえ気味で注文をされているといった印象でしょうか、特に⾼単価なものはあまり選ばれていないように感じています。
2024-10-01,変わらない,家計,県南,百貨店・スーパー,売上前⽉比は伸びているものの、これは単価上昇による要因が主で、点数の伸びはあまり⾒られないため。
2024-10-01,変わらない,家計,津軽,乗用⾞販売,賃⾦はアップしているものの物価にはまだ追いついておらず節約傾向である。
2024-10-01,変わらない,家計,津軽,⼀般飲食店,コロナ前の売上げまでの回復が未だ達成されていない。
2024-10-01,変わらない,家計,津軽,設計事務所,建築業界は好景気で推移してるのではと感じます。工事業者においては人手が⾜りないため、受注を控えるという話も聞きます。建築設計においても同様の状況です。
2024-10-01,変わらない,家計,津軽,美容院,確かに給料も上がってはいるのだろうが、物価の上がり具合には追いついていないのでは。また、年⾦生活者も増えているような気がする。
2024-10-01,変わらない,家計,東青,商店街,選択肢としては、「変わらない」というよりは「どちらとも言えない」があればそれにしたいところ。理由として、インバウンド含め観光客・出張客など、外部からの人の動きは非常に活発で、ねぶた祭りも非常に賑わった。⼀⽅で、物価⾼が続く中、地元客の中に細かいものについても価格に敏感になった層が以前より多く⾒受けられると感じるため。
2024-10-01,変わらない,家計,県南,レストラン,お客様の入りは横ばいで変化がありません。9⽉から、地元のお客様よりも旅⾏や出張のお客様が増えたように思います。
2024-10-01,変わらない,家計,東青,設計事務所,⼀瞬円⾼に動き、期待感がありましたが、相変わらず世間では物価値上がりのニュースは⽇常的。建築資材の価格は頻繁に変動はありませんが、職人確保による手間代は上がっています。景気浮上に繋がる出来事もなく現状維持に知恵を絞って⽇々過ごしていることを肌で感じます。
2024-10-01,変わらない,家計,東青,観光型ホテル・旅館,10⽉は紅葉シーズンで、料⾦は⾼いながらもお客様はそこそこ入っている。ただし、地元のお客様は少ない(料⾦が⾼い)。
2024-10-01,変わらない,家計,東青,百貨店・スーパー,屋外での⾏事やイベントの開催で人の動きは戻りつつあり、外での消費が増えている。店では、お⾦をかける、かけないのメリハリをつけて買い物をしているように感じるため。
2024-10-01,やや良くなっている,企業,下北,食料品製造,お客様が増えてきたように感じることと、新商品などが出ると迷わず買ってくれる⽅が増えたように思います。
2024-10-01,やや良くなっている,企業,県南,飲料品製造,夏から秋に向けて各地の祭りの開催、観光シーズンに入り人の動きがよくなってきた。インバウンドの影響などもあり。
2024-10-01,良くなっている,家計,東青,観光名所等,来客数・売上げが増加。クルーズ船の寄港・⼤人の休⽇倶楽部パス利用者増加も要因の１つ。国内外問わず増加している。
2024-10-01,やや良くなっている,家計,県南,⼀般飲食店,微増ですが良くなりつつあります。人出不⾜でこれ以上はなかなか難しい感じがします。これと言って特別な事をやったわけではないのですが、天候やイベントなどが影響している様子です。
2024-10-01,変わらない,家計,東青,旅⾏代理店,顧客数や利益率が徐々に横ばい状態となりつつある。
2024-10-01,変わらない,家計,県南,タクシー,３か⽉前と比べて、可もなく不可もなくという状況が感じられる。前期比では多少の落ち込みはあるが、その状態を継続、保持している状態。
2024-10-01,変わらない,家計,県南,⾐料専門店,物価⾼で特に食料品売上げに影響がある。
2024-10-01,変わらない,家計,県南,乗用⾞販売,仕事の効率を維持してきているが、賃⾦上昇及び物価⾼が続いており、業績が前年を下回っている。
2024-10-01,やや悪くなっている,家計,東青,タクシー,とにかく人の出が極端に少ない。特に週の前半は全くといっても良い程人の動きも少なく感じます。そして週後半、特に週末になると⾃家用⾞を利用して家族ぐるみであちこちに移動し(移動費が安価で済むため)、余計な⾦をあまりかけずに時間を過ごすといったことが当たり前の習慣になってしまっていることが⼤きな原因かもしれません。しかし、不思議と⻘森県内ではラーメンの価格にだけは疎いような気がしてなりません。
2024-10-01,やや悪くなっている,家計,東青,コンビニ,値上がりのためか、カゴ⼀杯購入するお客様が減った気がする。７⽉~８⽉売上前年比99%・客数前年比95%、９⽉売上前年比98%・客数前年比93%。
2024-10-01,変わらない,雇用,県南,人材派遣,依然とした物価⾼や人件費⾼騰、人材不⾜も加わり、お客様の業種業界を問わず、あまり景気の良い話題が少ない感じがある。
2024-10-01,変わらない,雇用,津軽,新聞社求人広告,出来秋ながら、物価⾼、人手不⾜などで業種によって好不調の波がある。地域で経済が回らなければ先⾏きは厳しい。
2024-10-01,変わらない,雇用,東青,新聞社求人広告,物価、燃料費の⾼⽌まり。⽼舗店舗・企業の廃業、破産、閉店が相次いでいることも暗い影を落としている。
2024-10-01,変わらない,雇用,東青,求人情報誌,食品などの値上げ情報が先⾏したこともあり、改善したという要素は⾒つからない。⼀⽅、値上げが原因で劇的に悪化したということもない。多少の上下はあれど、ずっと横ばいという感覚である。
2024-10-01,変わらない,雇用,東青,人材派遣,求人の問合せが減ってきた。応募者も少なくなっている。
2024-10-01,変わらない,企業,県南,電気機械製造,人手不⾜による受注量の限界。材料費や人件費の上昇による収益性の悪化。
2024-10-01,変わらない,企業,県南,経営コンサルタント,人流の増加で飲食業・宿泊業は、引き続き売上げが堅調に推移しているが、食料品等の値上げによる物価上昇が賃⾦の上昇に追いついていない状況が続いている。
2024-10-01,変わらない,企業,津軽,経営コンサルタント,⻘森県の最低賃⾦が昨年比55円アップしたことで、元々の給与単価が最低賃⾦に近い労働者の額⾯賃⾦が上がったが、そのために中小企業の賃⾦総額が上がるため、最低賃⾦以上の給与の労働者まで⼀律に昇給させることは困難で、新人とベテラン社員の給与の差がどんどん縮まっていく傾向にあり、中堅社員からの不満の声を聞きます。特に給与アップや物価上昇に合わせて売上げに価格転嫁できない業種（介護事業所・病院・こども園等）は、国や市町村からの処遇改善加算を給与へ上乗せしたとしても、実際は処遇改善加算の対象外の労働者への給与加算や社会保険料等の負担で⾃社の持ち出し費用がかなり多く、このままだと経営が困難な状況に陥るのではないかという経営者も少なからずいます。⻘森県の最低賃⾦が10⽉５⽇より953円になったことから、配偶者控除や社会保険等の扶養から外れないようにパートの勤務時間の短縮の相談も少なくありません。
2024-10-01,変わらない,企業,東青,経営コンサルタント,公共投資が横ばいで住宅投資も減少し、建設業は苦戦している。食料品関係を含めた小売業において、価格転嫁を100%まではできていない。
2024-10-01,変わらない,家計,下北,コンビニ,悪いまま。人口減は進む。
2024-10-01,変わらない,家計,下北,ガソリンスタンド,お盆や夏祭りなどで帰省客や観光客が⼤勢来訪すると思ってましたが、予想よりも少ない感じでした。物価⾼もあるのでプラスマイナスゼロといったところでしょうか。
2024-10-01,変わらない,家計,下北,都市型ホテル,宿泊客数は相変わらず堅調に推移しているものの頭打ちの状態で、観光客やインバウンドで⼤きく伸ばしているということではない。
2024-10-01,変わらない,家計,下北,タクシー,賃⾦の値上げ・賞与等の⽀給が終わり、落ちついたところに⽶や食品の値上げが続いていて、景気が良くなっているのか落ちてきているのか、判断がつきにくいところです。
2024-10-01,やや良くなっている,家計,東青,住宅建設販売,昨年と比較するとお客様の動きに⼤きな変化が⾒られないため。
2024-10-01,良くなっている,家計,東青,⼀般小売店,夏の観光シーズンの人流回復が⼤きな理由。ねぶた祭期間の入込客数は、主催発表で昨年を下回る98万人とあったものの、⾃らの体感では入込客数・売上げともに昨対を⼤きく超えて、ここ20年で過去最⾼。同業他社も⼀様の反応であるから。
2024-10-01,やや良くなっている,家計,津軽,都市型ホテル,宿泊客（外国人客含む）の増加。単価が上昇しても、宿泊客が増加している。
2024-10-01,やや良くなっている,家計,県南,観光型ホテル・旅館,海外からのゲストが増加傾向であるため。
2025-01-01,やや良くなっている,家計,東青,タクシー,業種的に、コロナ禍以降緩やかであったのが上向いております。要因として、市内同業の破産・廃業があったためと、昨年より圧倒的に多い雪の影響が大きいです。昨年より宴会する機会も増えている影響もあると考えております。例年、観光閑散期ではありますが、今年はインバウンド向け観光が急増しています。
2025-01-01,やや悪くなっている,家計,県南,ガソリンスタンド,賃金上昇より、物価上昇が急激なため。
2025-01-01,やや悪くなっている,家計,県南,百貨店・スーパー,物価上昇が続いていることに加え、政府の燃料補助金が縮小されたことで、ますます食費を抑える動きが見られる。
2025-01-01,やや悪くなっている,家計,県南,旅行代理店,物価が上がり、所得が追い付かないため。
2025-01-01,やや悪くなっている,家計,津軽,衣料専門店,物価高。商店はコロナ時の補助券なし。
2025-01-01,やや悪くなっている,家計,津軽,都市型ホテル,観光客の減少に伴う宿泊客の大幅な減少。
2025-01-01,やや悪くなっている,家計,津軽,スナック,物価高や燃料費高騰で景気は上がっていない。
2025-01-01,やや悪くなっている,家計,津軽,家電量販店,物価高騰、災害級の大雪などで、消費者の財布の紐がかたい。
2025-01-01,やや悪くなっている,家計,津軽,レストラン,3か月前は観光客やビジネス客がかなり来ていた。12月はその約3分の1程度になっている。飲食店の利用も同様。
2025-01-01,やや悪くなっている,家計,津軽,観光名所等,ツアー催行率の低下。台湾定期便後もインバウンドツアー利用が伸び悩み。
2025-01-01,やや悪くなっている,家計,東青,家電量販店,長引く残暑による秋・冬物の動きが鈍かったことに加え、物価高による節約志向も影響し、季節商品の買い替えを控えている方が見受けられた。
2025-01-01,やや悪くなっている,家計,東青,ガソリンスタンド,物価高の一言につきる。
2025-01-01,やや悪くなっている,家計,東青,衣料専門店,秋以降消費マインドが激減している。消費を刺激する商材を提供するのが仕事で、他人のせいにすることではないが、政府の積極的景気刺激策が必要です。
2025-01-01,やや悪くなっている,家計,東青,百貨店・スーパー,年末年始の大雪と積雪で、初売りやセールへの購買意欲が落ちているから。
2025-01-01,やや悪くなっている,家計,県南,レストラン,外食や飲みに出る地元のお客様が減ってきている。八戸の中心街に地元の方が来ていない。
2025-01-01,やや悪くなっている,家計,県南,百貨店・スーパー,電気料金、ガソリン代金の負担増。衣食住に関連する生活必需品の値上げ。人手不足によるサービスの低下。定休日・営業時間の短縮。
2025-01-01,やや悪くなっている,家計,県南,コンビニ,物価や人件費の高騰。
2025-01-01,やや悪くなっている,家計,県南,住宅建設販売,物の価格が上昇しているが、給与が上がらない。
2025-01-01,悪くなっている,家計,県南,スナック,飲食店は混んできているが、二次会などが減っている。
2025-01-01,悪くなっている,家計,津軽,一般小売店,弊社の所在地は昨年８月に破産した百貨店があった商店街の一角であり、それ以降客足が減っており、売上げが減少しているが、郊外の大型店やスーパーなどに行っても、以前より賑わっていないように感じます。あまりにも食品を始めとした諸物価が高騰していることによる景気の悪化現象ではないかと思います。
2025-01-01,悪くなっている,家計,東青,レストラン,物価の高騰と年末年始の大雪による影響が大きい。
2025-01-01,悪くなっている,家計,東青,一般飲食店,要因が重なり、全体的に景気の悪化が感じられる気がします。感じる限り、現在青森市では以下の状況が影響し、昨年より厳しい状況に思います。雪の影響で交通機関や物流の遅延が発生し、外出控えが増加。物価高で原材料費や光熱費の上昇により、消費者の購買意欲が減少。忘年会シーズンにも関わらず低調、昨年の売上を100とすると、今年は約70程度まで落ち込んでおり、3割減少の傾向が見られます。特に物価高の影響が大きいのかなと思います。
2025-01-01,やや悪くなっている,雇用,県南,人材派遣,昨年の衆院選を契機に景気回復を期待したが、新内閣発足後も、日々の仕事やお客さまの様子からは景気回復感はあまり感じず、逆に物価上昇をはじめとした先行き不安感の方を感じるため。人材派遣業界（企業の採用事情）も依然として人材不足（採用難）は顕著であり変化は無い。
2025-01-01,やや悪くなっている,雇用,津軽,新聞社求人広告,年末年始の野菜の高騰をはじめ、コメ・食品が高いうえ、ガソリン、灯油の値上がりで市民生活は苦しく、かなりな節約を余儀なくされている。
2025-01-01,やや悪くなっている,雇用,東青,求人情報誌,ニュースで県内企業倒産件数が過去10年で最多と出ている。この現状を見て景気が上向いているとはとても思えない。物価高、人件費上昇が特に影響が大きく、努力ではどうしようもない企業が多いと感じている。
2025-01-01,やや悪くなっている,企業,津軽,電気機械製造,受注が減少している。
2025-01-01,やや悪くなっている,企業,津軽,食料品製造,何もかもが値上がり、物が売れない。
2025-01-01,やや悪くなっている,企業,津軽,経営コンサルタント,定額減税の良い影響は全く感じられず、月次の事務や例年より複雑な年末調整、会社の事務方の仕事が煩雑になった一年でした。12月初旬からの積雪が例年より早く根雪になり、外出が少なくなったのと、年末から正月三が日の豪雪で、せっかくの長期休暇が雪かきに追われていた。最低賃金の上昇により多少給与支給額が上がったものの、物価上昇に追いついてないという感じ。100円ショップや設定価格の安いファミレス等の駐車場はいつでも混雑している印象で、生活全般を格安なもので済ませているようだ。
2025-01-01,やや悪くなっている,企業,東青,経営コンサルタント,３か月前は、インバウンドや県外の観光客の増加による宿泊・観光施設の利用により、観光消費が高まっていたが、観光シーズンが終了すると景況感がなくなり、大雪による天候要因から消費傾向はますます悪化してくると思われ、節約志向は強まる。
2025-01-01,やや悪くなっている,家計,下北,タクシー,ガソリン・灯油の値上がりが物価上昇に重くのしかかりました。
2025-01-01,やや悪くなっている,家計,下北,レストラン,物価の高騰。
2025-01-01,やや悪くなっている,家計,県南,設計事務所,物価高や、税金の上昇の影響を感じる。
2025-01-01,やや悪くなっている,家計,県南,一般小売店,一昔前、ラーメン一杯5~6百円の認識だったのが、ちょっと前に8百円～千円になり、今千円越えが当たり前になりつつある。外食も減ると思う。
2025-01-01,変わらない,雇用,津軽,人材派遣,最近周りでは賃金給与アップしたとの話を耳にするが、それ以上に灯油、ガソリン等のエネルギーや食料品の価格上昇が経済的負担になっている。賃金上昇のプラス分を物価上昇が相殺する形になっている。
2025-01-01,変わらない,雇用,東青,新聞社求人広告,燃料価格の上昇に加え、豪雪で思うように外出ができなくなってしまったことが悪影響を及ぼしている。
2025-01-01,変わらない,企業,下北,食料品製造,「変わらない」と答えましたが、景気が良くなっていても物価が高くなっているので、人によってやや良い、変わらない、やや悪いにあてはまるように思います。
2025-01-01,変わらない,企業,県南,電気機械製造,相変わらず安い物を探し求める方々ばかりで、最低賃金上昇に伴うコストアップを認めていこうという雰囲気になっていない。
2025-01-01,変わらない,家計,東青,娯楽業,12月の集客がいまいちでした。
2025-01-01,変わらない,家計,東青,設計事務所,景気浮上のきっかけになる状況の変化がなく、例年よりも早く積雪が多くダメージの方が多いです。地元で建築技術者を派遣会社に依頼したところ、月60万での雇用。厳しさの中でのやり繰りが続行しております。
2025-01-01,変わらない,家計,東青,旅行代理店,実績件数、扱い額等も春から比べると横ばいのため。
2025-01-01,変わらない,家計,東青,コンビニ,大雪の影響で車利用のお客様が減ったが、近辺のお客様が増えたのでほとんど変わらない。
2025-01-01,変わらない,家計,東青,百貨店・スーパー,商品価格の値上げにも慣れてきたような感じがあり、全体の購入する金額は大きな変化はない。買い物のメリハリ、節約志向は継続しています。
2025-01-01,変わらない,家計,東青,観光名所等,例年に比べるとお客様が多い。特にインバウンド。
2025-01-01,変わらない,家計,東青,商店街,地元のお客様については変わらずご利用頂いています。加えて、旅行中の小物不足品を買いに立ち寄るアジア系を中心とした外国の方々が増えています。
2025-01-01,やや良くなっている,企業,県南,飲料品製造,年末の動きが通常通りの盛り上がりを見せており、夜の人出なども活発に見える。直売所への来客なども多く、販売も堅調に推移している感がある。
2025-01-01,やや良くなっている,家計,津軽,住宅建設販売,生活物資も高騰、建築資材も高騰で買い控え、住宅だと様子見の傾向が高く、意識が下降気味だから。
2025-01-01,やや良くなっている,家計,津軽,商店街,海外旅行客、年末年始の買い物を商店街でしてくれるお客様が少し増えた。
2025-01-01,やや良くなっている,家計,津軽,観光型ホテル・旅館,前年対比で売上げが伸びている。
2025-01-01,やや良くなっている,家計,東青,住宅建設販売,昨年の11月から2025年の建築基準法の改正や建材の値上げを危惧されるお客様が動き始め、来場される方やお問い合せが増えてきたため。また、メディアでも今の価格水準は将来的に下がる見込みは低いとの表現が増えた点も要因と思われます。
2025-01-01,やや良くなっている,家計,東青,美容院,相変わらず物価は高くなりましたが、消費者の方々はそれなりに消費しているようです。
2025-01-01,やや良くなっている,家計,東青,観光型ホテル・旅館,弊社は宿泊業だが、コロナ後の動向としてお客様の動きが活発化。原価高騰などの影響によりいろいろなものの価格は上昇しているが、一定の活動は見られており、景気がマイナスという感じはしない。ただし、数値的に比較したものではないので肌感の印象です。
2025-01-01,やや良くなっている,家計,県南,卸売業,御歳暮商戦が活発になる時期のため。年末は特に大きくお金を使う人が多い。
2025-01-01,変わらない,家計,津軽,設計事務所,例年通りの状況ですが、今現在は昨年受注した業務を進めています。民間による発注業務はこれから、官公庁の業務であれば新年度からとなりますので、３か月前とあまり変わらない状況であると思います。
2025-01-01,変わらない,家計,津軽,乗用車販売,コロナ禍以降、物価高による支出が増え、高額消費が冷え込んでいる。
2025-01-01,変わらない,家計,県南,観光名所等,夏から秋まで高温が続き、果樹(主にりんご)が不作のうえ、大玉が多く高値のため、売上げが伸びなかった。
2025-01-01,変わらない,企業,県南,建設,近頃日本全体の景気が良くなったように映るが、単にインバウンド需要が押し上げているだけで、大概の日本人の生活には良くなったと思える材料が何もない。ただ、コロナが終息してきて我慢していた分の反動が、一時的に旅行や消費を底上げしているだけ。ホテルなどがインバウンド客に合わせて宿泊費が高騰し、我々会社員が出張しても泊まれるホテルがなくなってきている。
2025-01-01,変わらない,企業,県南,広告・デザイン,職種によってだいぶ状況が違うようではあるが、物価の上昇により経費が大きくなり必然的に利益は下がっている。
2025-01-01,変わらない,企業,東青,建設,原価の上昇を価格に転嫁できていない中での、他社との価格競争をする状態が続きます。
2025-01-01,変わらない,企業,東青,食料品製造,購入意欲としては、前向きに検討する相手先が多く見受けられるが、個人的には光熱費、地域的には燃料費の負担がダメージとなり、かげりが出そうな予感がします。
2025-01-01,変わらない,家計,下北,コンビニ,500円玉・100円玉で買い物をして、かき集めて買っている。
2025-01-01,変わらない,家計,下北,ガソリンスタンド,冠婚葬祭以外はコロナ禍前に戻りつつあるようだが、物価高が家計や会社経費を圧迫している。
2025-01-01,変わらない,家計,下北,都市型ホテル,宿泊客数は閑散期の割には大きく落ち込んではいないものの、年末の忘年会シーズンでの宴会数が大きく下回った。たまたま民間企業の大きい忘年会があり、売上げ的には前年並みを確保したが、官公庁関連の宴会は激減した。
2025-01-01,変わらない,家計,下北,百貨店・スーパー,各種値上がり。農産物の不作等で商品の価格が高騰し、実質賃金の伸びとの間に格差が生じているので動向が鈍い。
2025-01-01,変わらない,家計,県南,乗用車販売,業績が前年を下回ってきているが、物価高・エネルギー燃料高に加えて人員確保の課題を抱えており、例年以上の賃上げが予想される。仕事の効率見直しだけでは、人件費アップに追いつかない。
2025-01-01,変わらない,家計,県南,家電量販店,ガソリン代の値上げや物価上昇の影響を感じる。
2025-01-01,変わらない,家計,県南,衣料専門店,年末年始を迎え消費行動は活発化しているが、生活コストの値上げによる節約志向が継続。原材料費の高騰により商品単価も上昇し、買い控えの原因となっている。
2025-01-01,変わらない,家計,県南,美容院,来店頻度が変わらないまたは少なめ。少し間隔が空いている様に思う。商品の販売も少なめになっている。
2025-01-01,変わらない,家計,県南,商店街,冬らしい気候で積雪もあるが、ガソリンや灯油の価格が高く、支出を控えているように感じるから。
2025-01-01,変わらない,家計,県南,一般飲食店,季節的な要因で各月良い月、悪い月等あり。平均するととんとんかなという所です。その要因の中には、天気、イベントなどが考えられる。また、原材料の高騰にはついていけない現状です。結果利益を圧迫。
2025-01-01,変わらない,家計,県南,タクシー,業種的に閑散月と繁忙月との比較になるため、単純に比べられないが、特段景気が上向いてるとは言い難い。忘年会等の宴席等も年々少なくなっており、タクシー利用の機会も減っている。業務の効率化で、売上げを維持している状態だ。
2025-01-01,良くなっている,家計,津軽,百貨店・スーパー,物価が上昇しているのと、減税の効果もあり、買物をする方が増えているように感じる。
2025-01-01,変わらない,企業,県南,経営コンサルタント,人流の増加で引き続き宿泊、観光、飲食業の売上げは増加しているが、一方で、最低賃金の大幅な増加や原材料価格の上昇がおさまっていないので、利益も売上げと比例して増加しているとは言えないのが実状である。
2025-01-01,変わらない,企業,東青,広告・デザイン,売上げの伸びがない。
2025-04-01,悪くなっている,家計,下北,百貨店・スーパー,各種値上げの影響による物価高騰、賃金推移遅滞で消費鈍化。
2025-04-01,変わらない,家計,津軽,商店街,冬の雪で外出する人がとても少なかった。
2025-04-01,変わらない,家計,津軽,百貨店・スーパー,物価が上昇していることで買い控えは見受けられるが、その分、客単価も上昇している為、売上が好調に推移している。
2025-04-01,変わらない,家計,津軽,コンビニ,雪が多かった分人の出入があると感じました。
2025-04-01,変わらない,家計,津軽,スナック,継続的な物価高。
2025-04-01,変わらない,家計,県南,百貨店・スーパー,売上は、3ヶ月前と比べて上がっているが、中身としては、商品値上がりによる影響が大きく、客数や、買上点数の伸びは見られない。
2025-04-01,変わらない,家計,県南,観光名所等,売上も例年並みであり、大きな変化はみられない。
2025-04-01,変わらない,家計,県南,レストラン,お客様の傾向としては、市街に出てくる地元の方が減りました。観光、出張のお客様が多いです。景気が良いのか悪いのか、わからないところです。
2025-04-01,変わらない,家計,県南,タクシー,一時的な需要（歓送迎会等）は、例年通りあったが、規模、回数は減ってきている、また路面状況や天候も春らしくなるにつれ、タクシーを利用する頻度も少なくなる時期でもあり、景気が上向きとは思えない。
2025-04-01,変わらない,家計,県南,美容院,仕事を通じては、あまり変化は感じていません。生活の中での値上がりの話は出ますが、困ったという実感はあまり感じられません。これからの値上げ分についてはどうなるか心配です。
2025-04-01,変わらない,家計,県南,家電量販店,ニュース等では米の価格高騰、山火事、詐欺の報道が多く明るいニュースが少なく、消費者の購買意欲が上昇していないように感じる。(賃金上昇もしていないと思われる。)
2025-04-01,変わらない,家計,県南,乗用車販売,物価高・エネルギー燃料高に加えて、人員確保の課題を抱えて仕事の効率見直しだけでは、人件費のアップに追いつかない。
2025-04-01,変わらない,家計,下北,コンビニ,人口減少。給料が上がっているのは公務員と、1部の企業だけ。
2025-04-01,変わらない,企業,県南,飲料品製造,コロナ禍後の反動の盛り上がりも一巡し、物価の値上げの雰囲気に飲まれている。嗜好品であるアルコールに対しては余計に顕著である。飲食店なども賑わっているように見えるが人不足、価格転嫁なども進んでいない。
2025-04-01,変わらない,企業,県南,建設,米や食品、酒類の値上げが止まることを知らない。生活に関わる商品や材料の値上げに給料や年金が追いつかない。また、燃料などの光熱費も生活費を圧迫し、生活水準の上昇気運が全く感じられない。
2025-04-01,変わらない,雇用,東青,新聞社求人広告,燃料価格の高止まり。コメの価格高止まり。各種商品、サービスの値上げ。
2025-04-01,変わらない,雇用,津軽,新聞社求人広告,業種にもよるが、物価高や物流コストの増加などの懸念材料は依然として続いている。
2025-04-01,やや悪くなっている,家計,東青,百貨店・スーパー,特に食料品の購買単価が下がっており、お客様の価格に対する意識が強くなっているから。
2025-04-01,変わらない,家計,津軽,設計事務所,大雪の影響で家屋の部分破損やリンゴの枝折れなど被害があちこちで確認されます。これから修理等が始まるのだと思います。3か月前と今の状況は何も変わらず、これから変わるのかなと思います。
2025-04-01,やや悪くなっている,家計,東青,百貨店・スーパー,商品の値上げは特に米、他、燃料費の高騰により、必要以上の買い物はしない傾向がさらに強まったと感じるため。
2025-04-01,変わらない,家計,東青,商店街,大雪にもかかわらず、1月から2月にかけてはインバウンドのお客様等の雪を目指してと思われる来街客が大変多かった印象がありますが、3月に入りインバウンド客の姿が減ったと感じます。一方、例年であれば、就職や進学などに伴う需要の時期ですが、今年はその動きも少ないように感じております。
2025-04-01,変わらない,家計,東青,娯楽業,業績が横ばい。
2025-04-01,良くなっている,家計,東青,観光名所等,来館者の増加。客船に限らない外国人観光客の増加。
2025-04-01,やや良くなっている,家計,東青,一般小売店,冬が終わり新年度を迎える時節ゆえモノもヒトも否応なしに動きカネがマワるから。
2025-04-01,やや良くなっている,家計,東青,タクシー,今年の大雪を経て、徐々にまちに賑わいがもどり、インバウンドはじめ交流人口が増えていると感じる。日々の売り上げも昨年より2月と3月は好調に推移しております。
2025-04-01,やや良くなっている,家計,東青,一般飲食店,現在の景気は、全体としてやや持ち直しの傾向が見られる。その理由として、3か月前の当市における大雪被害が経済活動に大きな影響を及ぼしていた点が挙げられる。当時は、行政と除雪業者の連携不備により、市内全域で交通インフラが一時的に麻痺。これにより物流が滞り、市民の移動も大きく制限され、特に中心商店街など小規模事業者への打撃は深刻であった。この混乱は自然災害であると同時に、人為的要因（人災）も一因とされ、対策の遅れが経済活動の停滞に拍車をかけた。一方、足元では徐々に交通機能が回復し、消費者の外出機会も戻りつつあるため、一時的な落ち込みからは脱しつつある状況と判断している。
2025-04-01,やや良くなっている,家計,東青,観光型ホテル・旅館,花見時期の予約もまずまず順調。GWについても同様である。予約数の増加に加えて宿泊単価の上昇傾向も続いている。
2025-04-01,やや良くなっている,家計,津軽,美容院,変わらずインフレ状態だがニュースになるほど高い初任給など新年度の始まりが良い意味で賑やか。
2025-04-01,やや良くなっている,家計,津軽,レストラン,4、5月は祭り期間にあたるため、観光客が増加。
2025-04-01,やや良くなっている,家計,津軽,一般小売店,前回の時点では「悪くなっている」であったと思うが、今は「やや悪い」と感じているので、質問2で「やや良くなっている」と回答をしました。
2025-04-01,やや良くなっている,家計,津軽,都市型ホテル,冬季の閑散期から春からの繁忙期に入ってきた為。
2025-04-01,やや良くなっている,家計,県南,卸売業,4月からの値上がりにより3月末で仮需が発生したため、一時的に売り上げが伸びた。
2025-04-01,やや良くなっている,家計,県南,住宅建設販売,季節的要因。
2025-04-01,やや良くなっている,家計,下北,都市型ホテル,宿泊予約が堅調で、前年二桁以上の伸び率です。ネット予約に注力したとは言え予想以上でした。
2025-04-01,やや良くなっている,家計,下北,一般飲食店,3ヶ月前は津軽地方に比べて雪も少なかった割に伸び悩んでいましたが、今は歓送迎会等で徐々に客足が伸びている様に思います。
2025-04-01,やや良くなっている,企業,津軽,経営コンサルタント,雪解け後の農作業は例年通り進んでいるように見える。昨年閉店した総合スーパー跡地に2月末に新店舗が開業したが、地元の消費者のニーズとまだずれているという声を多く聞く。その為か地元スーパーは従来以上に混み合っているように感じる。
2025-04-01,やや良くなっている,企業,下北,食料品製造,来店する人数が増えた為。
2025-04-01,変わらない,家計,東青,美容院,全体に物価の高さが上げられて、消費するのは大変になりました。これからどんな知恵でみなさんのりこえるのでしょう。
2025-04-01,変わらない,家計,東青,家電量販店,日用消耗品といった必要最低限の買い物にとどまっており、HC商材であるDIY商品は苦戦しているため。
2025-04-01,変わらない,家計,東青,エステ業,物価は高くなっていて、それにともなって、サービスなども質が良くなったり良い面もある。
2025-04-01,やや悪くなっている,家計,東青,コンビニ,物価が高くなり続けているので、大量に買う人が減った。
2025-04-01,やや良くなっている,企業,東青,食料品製造,積雪がゼロになり、春の移動もあるのか行動が広がり始めたように感じます。
2025-04-01,やや悪くなっている,企業,県南,広告・デザイン,現時点で明らかに仕事の依頼が減少してる。物価の高騰が著しく生活にも仕事にも大きく影響している。
2025-04-01,やや悪くなっている,企業,東青,建設,原価の上昇が大きいです(資材価格)。
2025-04-01,やや悪くなっている,企業,津軽,食料品製造,物価高。
2025-04-01,やや悪くなっている,企業,津軽,電気機械製造,アメリカ大統領に振り回されている。
2025-04-01,やや悪くなっている,企業,県南,経営コンサルタント,ガソリン価格が高値で推移し、電気、ガスの補助金がなくなり、売上が伸び悩んでいる中で金額が高くなるコストアップ要因が増えてきている為。
2025-04-01,やや悪くなっている,企業,県南,電気機械製造,なかなか終わらない戦争と欧州のEVシフトの失敗、中国の不景気で安売り攻勢と日本も含めて景気が良くなる要素が無い。
2025-04-01,やや悪くなっている,企業,県南,食料品製造,トランプ関税への警戒感。
2025-04-01,やや悪くなっている,企業,東青,経営コンサルタント,県内景気は大雪による影響が和らぎ穏やかに回復しているという見方もあるが、新型コロナ禍が収束し需要の急回復による物価高騰、コロナ融資返済の本格化による資金不足、さらに人手不足の要因により中小企業の倒産が増えている。また、県内で人件費や仕入価格の上昇分を価格転嫁できていない企業は6割以上あることから収益は圧迫している。
2025-04-01,やや悪くなっている,雇用,東青,人材派遣,物価高・人材不足の影響でモノ消費が抑えられてしまっている。
2025-04-01,やや悪くなっている,雇用,県南,新聞社求人広告,当社の取引先には住宅業界が多く、この住宅業界が苦戦しているため。
2025-04-01,やや悪くなっている,雇用,県南,人材派遣,連日の報道にもあるように、取引先の多くは、最近の原材料や光熱燃料費、また人件費の高騰の影響もあり、企業経営が厳しい様に感じるため。それによる地元企業倒産の報道も多くなった様に感じる。
2025-04-01,悪くなっている,家計,東青,設計事務所,物価高騰と政治の不安定によるもの。
2025-04-01,悪くなっている,家計,津軽,観光名所等,ツアー単価の高騰の影響もあり利用客数の昨年対比減。商品の一人当たりの購入単価減が目立つ。
2025-04-01,悪くなっている,家計,県南,スナック,お客様が少ない。
2025-04-01,悪くなっている,家計,県南,コンビニ,食品、ガソリン・灯油・電気他全て値段が高くなり買い控えている。
2025-04-01,やや悪くなっている,雇用,東青,求人情報誌,毎月の物の値上げがあり、やってもやっても景気が良くなっていないと思います。
2025-04-01,やや悪くなっている,家計,下北,ガソリンスタンド,物価高！何から何まで値上がり、家計や会社の経費に負担をかけていると思われます。都会ではインバウンドで外国人観光客が多く来ていましたが、下北ではあまり見かけません。
2025-04-01,やや悪くなっている,家計,東青,衣料専門店,年明けからの連続降雪に参ってしまった。昨年は暖冬から来街者、来店者の顔色もよく景気の好調でしたが、この惨事、除排雪の不都合が話題で消費どころでなかった。
2025-04-01,やや悪くなっている,家計,下北,レストラン,物価高騰、地域応援券などが少ない。
2025-04-01,やや悪くなっている,家計,東青,住宅建設販売,建築原価や人件費の高騰部分が利益を圧迫してきている点と政策金利が上がったことによる金融機関の融資審査難が増えたことによる購買層の減少。新年度からの様々な制度変更がマイナス方向に働いている上に値上がりが追い打ちをかけている状況。
2025-04-01,やや悪くなっている,家計,東青,ガソリンスタンド,何といっても物価高の影響で、買い控えが進んでいる。
2025-04-01,やや悪くなっている,家計,下北,タクシー,物価の値上がりが続き、値上がり幅に給料が追いつかない。管内のスーパーマーケットが本日営業停止をしました。すたれていくなーと突然思いました。
2025-04-01,やや悪くなっている,家計,津軽,家電量販店,冬の間は、油や、米の高騰で消費者の財布の紐が堅かったが、春になり少しは緩和されるかと思ったのだが、4月には色々な物の値上げがあり、消費は低迷してると思われる。
2025-04-01,やや悪くなっている,家計,津軽,住宅建設販売,建築意欲の低下、資材高騰による予算拡大の資金面がクリアできない。
2025-04-01,やや悪くなっている,家計,東青,旅行代理店,自分の職種的に物価の高騰(ホテル、バス代、その他すべて)による利用控えはここ数カ月で感じる。実質数字的にも見えてきている。
2025-04-01,やや悪くなっている,家計,県南,ガソリンスタンド,物価の上昇に、可処分所得の増加が追いつかないことから。
2025-04-01,やや悪くなっている,家計,津軽,衣料専門店,物価高で生活費高騰で買物は後回しに。百貨店の閉店で管内に人が来ない。
2025-04-01,やや悪くなっている,家計,県南,一般飲食店,大きい要因は、天候の不順があげられる。全国的なことですが、急に高温になったり、低温になったりめまぐるしい変化で客足がめちゃくちゃな状態である。それに伴い、この物価の上昇に購買意欲が低下しているのも大きな要因と考えられる。
2025-04-01,やや悪くなっている,家計,県南,商店街,アメリカの関税の問題ですべての物価が上がると懸念する声が多いから。
2025-04-01,やや悪くなっている,家計,県南,衣料専門店,物価高。食品以外の衣料品も商品価格が上昇し販売点数の落ち込みが前年同時期に比べて顕著。
2025-04-01,やや悪くなっている,家計,県南,一般小売店,トランプショックによる不安材料しかない。日本を代表する自動車産業が矢面に立たされている。
2025-04-01,やや悪くなっている,家計,県南,設計事務所,プラスの材料が少ない。
2025-04-01,やや悪くなっている,家計,県南,旅行代理店,物価の高騰が大きすぎる。
2025-04-01,やや悪くなっている,家計,県南,百貨店・スーパー,人手不足や収支の悪化により、事業停止した会社の負債額が億単位の件数が増えている為。お米の価格が上昇したまま下がらない為。ガソリン・灯油が値上がりし、下がらない為。アルコール飲料を含め、4月1日から値上がりした商品が多い為。
2025-04-01,やや悪くなっている,家計,東青,レストラン,品物が毎日値上がりし、材料確保が難しくなってきた。物価高の割に給料が上がってないせいなのかお客様の動きが鈍い。
2025-07-01,変わらない,企業,下北,食料品製造,物価が⾼いので変わらないように思います。
2025-07-01,変わらない,雇用,津軽,新聞社求人広告,宣伝、広告費について、より費用対効果を求める傾向や食費等の節約志向はうかがえるが、屋内外のイベントが多々開催されており、連⽇多くの人でにぎわっているのを報道で⾒聞きするから。
2025-07-01,変わらない,企業,県南,経営コンサルタント,物価⾼が継続しており、トランプ関税についても交渉がどのような結果となるか先が⾒通せない状況となっているため。
2025-07-01,変わらない,家計,下北,コンビニ,物価が⾼くなり、安いものだけを求める。
2025-07-01,変わらない,家計,下北,ガソリンスタンド,何から何まで値上げ値上げ。売り上げや利益は上がらないのに賃⾦も上げなければならないし。都会のようにインバウンドの恩恵があればいいのですが。
2025-07-01,変わらない,家計,県南,乗用⾞販売,温暖化に伴い、熱中症対策での環境整備を⾏って、夏場の時期を乗り越えたい。社員の健康管理に目を向け、労働安全を継続したい。
2025-07-01,変わらない,家計,県南,百貨店・スーパー,い。物やサービスの値上がりが続くが、収入が増えないため。
2025-07-01,変わらない,家計,県南,住宅建設販売,⾼額商品の購入は減少傾向にあるが、管内は⽶の価格が全国的に最安値など物価上昇が抑えられている。しかし、その反⾯賃⾦の上昇も抑えられているように感じる。
2025-07-01,変わらない,家計,県南,商店街,相変わらず、お⽶を中心に食品の価格が⾼い上に、中東の影響で原油等も⾼値で推移しそうだから。
2025-07-01,変わらない,家計,県南,タクシー,前年同月と比較しても、また３か月前と比較しても非常に厳しい状況。
2025-07-01,変わらない,家計,県南,旅⾏代理店,"物価上昇が他の売上、消費に追いついていない。⽶価10㎏4,000円台→5㎏4,000円というように価格が倍になっていることなんてありえな"
2025-07-01,変わらない,家計,津軽,⾐料専門店,物価⾼、選挙、異常気象。
2025-07-01,やや悪くなっている,家計,東青,⾐料専門店,景気観測地点は自店と、各種会合での話題からになりますが、春の陽気からも上向きになっていないようです。
2025-07-01,変わらない,家計,県南,家電量販店,物価⾼の影響や賃⾦問題が解消していないためと思われる。
2025-07-01,やや悪くなっている,雇用,県南,新聞社求人広告,物価⾼。
2025-07-01,やや悪くなっている,企業,津軽,電気機械製造,物価の上昇が⽌まらない。
2025-07-01,やや悪くなっている,家計,津軽,百貨店・スーパー,物価の上昇に⻭⽌めがかかっておらず、昨年度のような減税などの具体的な対応策もなくコスト増に苦しんでいるように⾒受けられる。
2025-07-01,やや悪くなっている,家計,津軽,一般小売店,賃上げにより、少し収入が増えても、物価の上昇が凄まじい。特に食品がひどい。
2025-07-01,やや悪くなっている,家計,県南,ガソリンスタンド,食料品をはじめとした物価上昇が続いていること。
2025-07-01,やや悪くなっている,家計,県南,観光名所等,⾼温続きのためか、果樹(主にさくらんぼ)が不作で、⾼値でもあり、売上が⼤幅に減少した。
2025-07-01,やや悪くなっている,家計,県南,コンビニ,物価の上昇に給料がついていけていない。
2025-07-01,やや悪くなっている,家計,県南,⾐料専門店,物価⾼による消費活動の縮小。
2025-07-01,やや悪くなっている,家計,県南,一般小売店,ほとんど全ての物価と公共料⾦等が⾼⽌まりなのに所得向上が全く追い付きそうにない。
2025-07-01,やや悪くなっている,家計,下北,レストラン,物価⾼がとまらない。ガソリンや⽶など。
2025-07-01,やや悪くなっている,家計,下北,一般飲食店,単純に物価⾼かと思います。
2025-07-01,やや悪くなっている,企業,東青,建設,仕事量は横ばいだが、資材・人件費の⾼騰が続いている。
2025-07-01,やや悪くなっている,企業,津軽,広告・デザイン,物価⾼騰、ガソリン代等の⾼騰は状況的に変わっていないと考えたため。
2025-07-01,変わらない,家計,津軽,住宅建設販売,お客様の動向に変わりがないため。小規模・中規模リフォーム⼯事は顕著です。
2025-07-01,やや悪くなっている,企業,県南,電気機械製造,トランプ関税や世界的な戦争発⽣で仕事の⾒通しを明⽰しない(⼜はできない)取引先が多い。
2025-07-01,やや悪くなっている,家計,東青,住宅建設販売,物価⾼騰に⻭⽌めがかかる様⼦がなく⾼額商品の購入に慎重になっている。県外や国外の観光に関しては上向きのように感じるが、県⺠まで浸透していない。
2025-07-01,変わらない,家計,津軽,コンビニ,SHIROFES等で少しは変化してくれれば。
2025-07-01,やや良くなっている,家計,津軽,都市型ホテル,観光景気は、上々に戻りつつあり、外国人観光客の増加に伴う観光振興を図る。
2025-07-01,変わらない,家計,津軽,レストラン,物価⾼騰による。
2025-07-01,やや悪くなっている,企業,県南,食料品製造,消費者の節約志向。
2025-07-01,悪くなっている,家計,東青,一般飲食店,⽇々の仕事やお客さまの様⼦を⾒ていると、明らかに「財布の紐が開かない」空気を感じます。お客さま一人あたりの注文数が減っていたり、以前なら追加で頼まれていたメニューが⾒送られたりと、慎重な消費⾏動が目⽴ちます。背景には物価⾼の影響が⼤きく、⽇常の⽣活費がかさんでいる分、外食や娯楽に回す余裕がなくなっているのだと感じます。また、最近はカード⽀払いが圧倒的に増えており、現⾦をなるべく減らして管理しようという意識が強くなっているようです。⽀払い方法ひとつとっても、景気への警戒感が表れていると思います。
2025-07-01,悪くなっている,家計,東青,美容院,お客様の声は、物価⾼でしょう。なんでも上がりましたから。
2025-07-01,悪くなっている,家計,県南,スナック,物価の⾼騰。
2025-07-01,悪くなっている,家計,県南,レストラン,3か月前よりも管内市街に人が居ない。歩いていない。地元⺠が中心街に来ない。
2025-07-01,悪くなっている,家計,県南,美容院,来店回数が極端に少なくなりました。やはり食事や健康の方が優先されていると思います。
2025-07-01,悪くなっている,家計,県南,設計事務所,仕事が少ない。
2025-07-01,良くなっている,家計,東青,観光名所等,来館者が増加している。
2025-07-01,やや良くなっている,家計,東青,一般小売店,夏、そして祭に向けインバウンド含めて観光需要が⾼まっている。
2025-07-01,やや良くなっている,家計,東青,百貨店・スーパー,気温上昇に伴い⾐料品、服飾雑貨の需要が⾼くなってきたため。
2025-07-01,やや良くなっている,家計,東青,コンビニ,値上げが続いているけど、売り上げ客数は、やや伸びている。
2025-07-01,やや良くなっている,家計,東青,都市型ホテル,インバウンド需要が伸びている。
2025-07-01,やや良くなっている,家計,東青,タクシー,天候的なところ、特に気温上昇もあり結構動きが出ている状況です。また、アプリの利用も非常に⾼まってきている。
2025-07-01,やや良くなっている,家計,津軽,商店街,3ヶ月前に働いていた職場に来られるお客様より、現在の職場に来られる方の方が良さげ。
2025-07-01,やや良くなっている,家計,県南,卸売業,御中元の季節に向けて、ギフト需要が⾼まっているため。
2025-07-01,やや良くなっている,家計,下北,百貨店・スーパー,備蓄⽶の出回りがあったり燃料等の価格の落ち着き等で少し多方⾯への消費に向ける意識が前進したような雰囲気がある。
2025-07-01,やや良くなっている,家計,下北,都市型ホテル,宴会等はほぼコロナ禍前に戻り、宿泊については満室の⽇が増え順調に推移していると思います。ただ、冠婚葬祭に関しては規模が小さくなり、なかなか以前のようには戻りません。多分この形が普通になり、その分別の形でカバーしなければならないと思います。
2025-07-01,やや良くなっている,企業,東青,食料品製造,夏場を迎え、⽔産業界はさらに厳しい状況ですが、夏祭りに向けて前向きに取り組みつつある（希望している）。
2025-07-01,やや良くなっている,企業,県南,飲料品製造,アメリカ関税や⽶の価格の⾼騰などの景気関連の先⾏きに対する不安感が広がっていた状態から比べると現在はそれが多少薄れ、落ちついてみえる。一般市⺠の消費にもよい影響がでてるように思われる。また春から夏に向けてインバウンドを含む観光客の動きがよく、直売所などの売れ⾏きが好調。
2025-07-01,やや良くなっている,企業,県南,建設,⽶価の⾼騰が毎⽇のようにニュースに上がっているが、旅⾏や外食に出かける人が増加していて、ある意味値上げラッシュに慣れてきたのか、消費⾏動は以前より活発になってきた感じがする。
2025-07-01,変わらない,家計,東青,卸売業,商品の価格改定が続き消費者が買い控えになっている。お⽶の価格⾼騰も影響がある。
2025-07-01,変わらない,家計,東青,百貨店・スーパー,⽶の影響は⼤きいものの、商品の値上げにも慣れ、買い物⾏動に⼤きな変化は感じず。メリハリのあるお⾦の使い方、⽣活の仕方は継続していると考えます。
2025-07-01,変わらない,家計,東青,家電量販店,物価⾼騰や、⽶国をはじめとする海外情勢に起因する経済の不確実性が続いているため。
2025-07-01,変わらない,家計,東青,設計事務所,事業計画はあるが、建設費、人件費、働き方改⾰による⼯期延⻑で事業が進まず⾦融機関の融資も厳しい状況である。
2025-07-01,変わらない,家計,東青,娯楽業,業績が上向くことなく横ばい状態です。
2025-07-01,変わらない,家計,東青,エステ業,3か月の短期間では変わっていないようです。
2025-07-01,変わらない,家計,津軽,美容院,所得のアップが景気に追いつかないが、他の地域に比べて天気に恵まれているおかげで雰囲気が明るい。
2025-07-01,変わらない,家計,津軽,設計事務所,昨年、一昨年と比較して仕事量が少ないです。官公庁発注物件も⺠間物件もどちらも少ないという気がします。
2025-07-01,変わらない,家計,津軽,観光名所等,値上げ分がそのまま売上増加になっているだけで、購買意欲が⾼まっているとは感じていないため。
2025-07-01,変わらない,家計,津軽,家電量販店,食料品などの物価⾼は、依然として続いているのですが、6月から気温上昇で、エアコン、冷蔵庫等の販売は顕著に推移しています。昨年と比べ、あまり変わらないと感じています。
2025-07-01,やや悪くなっている,雇用,東青,人材派遣,人材オーダーが春先に比べて落ち込んでいる。一部サービス業は景気上向きの様⼦ですが、第一次産業等は物価⾼で経費圧迫されていて思うように粗利が出ていないように感じる。
2025-10-01,変わらない,家計,下北,⼀般飲⾷店,先⽇、新聞報道であったとおり慢性的なホテル不⾜もあり、夜の街が静かだと思います。来店したお客様もホテルを取るのが⼤変だったという話を聞きます。
2025-10-01,悪くなっている,企業,県南,広告・デザイン,同業者(広告代理店や印刷会社)の廃業、倒産、企業売却が近年多い。中央資本によるネット販売も安価で太⼑打ちできない。
2025-10-01,変わらない,家計,県南,レストラン,よくもなっていなければ、悪くもなく、変わらない。とにかく管内市街に⼈が居ない。
2025-10-01,変わらない,家計,県南,タクシー,依然として、燃料⾼止まり、物価⾼騰等々、景気が上向く要素がないと思われる。
2025-10-01,変わらない,家計,県南,商店街,何の分野でも良い状況が⾒えないから。新米の価格も異常。
2025-10-01,変わらない,家計,県南,家電量販店,米の価格、ガソリン代の価格など物価⾼は購買意欲の低下につながっていると思う。
2025-10-01,変わらない,家計,県南,乗用⾞販売,物価⾼の影響が続いており、新⾞の買い換えサイクルにも影響をきたしている。
2025-10-01,変わらない,家計,下北,レストラン,物価⾼。
2025-10-01,変わらない,家計,下北,都市型ホテル,宿泊については、引き続き堅調に推移しています。ただ、宴会・会議等の御利用は８月・９月と苦戦しましたが、全体的にみれば好調を維持していると思います。
2025-10-01,変わらない,家計,下北,ガソリンスタンド,コロナの影響もなくなりお盆や祭の帰省客や観光客が増えるかと思ったがそれほどでもなかった。ガソリンが⾼止まりしているせいか県外ナンバーよりもレンタカーの割合が増えてきた。
2025-10-01,変わらない,家計,県南,観光名所等,あまり変化がないと思う。今後を期待したい。
2025-10-01,変わらない,企業,東青,経営コンサルタント,猛暑の影響で清涼飲料や夏物⾐料、エアコンの売上は上昇していたが、農産物は打撃を受け販売する企業にとっては悪影響があった。物価⾼、⼈⼿不⾜は継続しており、県内の中小企業に影を落としている。特に県内の賃上げ率は3.26%と⾼水準であったが、労務費上昇分の価格転嫁が全くできていない企業や転嫁率50%未満の企業は75%に及んでいる。
2025-10-01,変わらない,企業,津軽,広告・デザイン,最低賃⾦の上昇に伴い、中小企業の⼈件費逼迫の影響が出ていると感じる。商品購⼊等に対して意欲的ではないように⾒受けられる。
2025-10-01,変わらない,企業,津軽,⾷料品製造,⽇々の買い物で物価の上昇を切実に感じる。
2025-10-01,変わらない,企業,県南,飲料品製造,暑い夏が終わり祭の雰囲気も⼀段落。相変わらずの旅⾏客の⼊り込みなどもあるが、あらゆる分野で値上げの情報があり、財布のひもも固くなっている気がする。
2025-10-01,変わらない,企業,県南,経営コンサルタント,⾷料品を中⼼とした物価上昇、⼈⼿不⾜、最低賃⾦の上昇によるコストアップの状況が継続している。
2025-10-01,変わらない,企業,県南,建設,様々な材料や商品など、値上げが止まることを知らず、皆節約モードを継続している。特に米は値下がりの動きが鈍く、古米が未だ新米並みの水準を維持しているのが驚き。スーパーの客の買い物かごを覗くと、ごはんのおかずの材料を購⼊するというよりは、米に代わるパン、パスタ、冷凍⾷品などが多く⼊っている気がするのは気のせいか。
2025-10-01,変わらない,企業,下北,⾷料品製造,売れている商品や数に変化があまりなく増減があまりないように思います。
2025-10-01,変わらない,雇用,東青,新聞社求⼈広告,米をはじめとする物価の⾼騰。さらに各種商品、サービスの値上げが続いていること。
2025-10-01,変わらない,雇用,津軽,新聞社求⼈広告,変わらないとはいえ、企業の⼈⼿不⾜感はさらに強まっており、これが今後の景気の⾜を引っ張る懸念材料ではないかと思える。消費者同様に、企業の「節約志向」も変わらず、特に宣伝広告費といった⾼額な支出に慎重さを感じる。
2025-10-01,変わらない,企業,東青,⾷料品製造,経営改革や事業所の統合で経費を抑える企業が出てきている。経費を抑えるため容量の変更で価格を抑える企業もあり、努⼒を感じます。
2025-10-01,変わらない,家計,津軽,住宅建設販売,弊社が⾏う⾒学会やイベントへの参加者が少ないです。住宅展⽰場・⾒学会の来場数で景気判断するのは正確なものさしではないのですが、動向は鈍いと思います。
2025-10-01,変わらない,家計,津軽,コンビニ,物価⾼騰が影響しそう。
2025-10-01,変わらない,家計,津軽,レストラン,ねぷた祭り等のイベントもあり、⻘森県を訪れる⼈が増えているため。
2025-10-01,やや良くなっている,家計,東青,百貨店・スーパー,⾼単価商品（ダウンコートなど）に動きが出てきたため。
2025-10-01,やや良くなっている,家計,東青,⼀般飲⾷店,今年の夏は猛暑が続き⼤変厳しい気候となりましたが、客⾜は安定しており落ち込みも⾒られず、売上はここ数年で最も⾼い水準となりました。夏場の帰省や祭に伴う来⻘が⼤きな要因と考えられます。特に例年と比べて顕著だったのは、⼤⼈数でのご利用が多かった点です。これまで推奨されてきた少⼈数での利用が緩和され、その流れがさらに⾃然な形で定着してきている印象を受けています。
2025-10-01,やや良くなっている,家計,東青,都市型ホテル,客室単価上昇と稼働率上昇。
2025-10-01,やや良くなっている,家計,東青,家電量販店,多⽅面での値上げないし価格の⾼止まりにより、個⼈消費の停滞が続いているものの、製造業や、⼀部インバウンド需要の回復などが⾒受けられ、緩やかではあるものの景気は改善傾向にあると思われる。
2025-10-01,やや良くなっている,家計,東青,住宅建設販売,夏前よりもお客様が動いているように感じます。
2025-10-01,やや良くなっている,家計,東青,娯楽業,８月の業績が、季節要因とは思いますが、上向きました。
2025-10-01,やや良くなっている,家計,津軽,観光型ホテル・旅館,インバウンドの回復。
2025-10-01,やや良くなっている,家計,津軽,⼀般小売店,３か月前は「やや悪い」でした。今回は７月があまり良くなかったが、８・９月はすこし持ち直してきているので。
2025-10-01,やや良くなっている,企業,津軽,経営コンサルタント,米やリンゴの主要農作物が収穫期に⼊り、特にリンゴは⾼値の予想になっている。傷が付いてジュース等の加工用に回るような物も市場で買取されていると聞きます。新米も店舗に並び始め、⼀瞬価格に驚きますが受け⼊れていかなければならないのでしょう。物価は徐々に上がっており、外⾷単価も以前と比較すると⾼くなっていますが、それでも混雑具合は以前とたいして変わらないように感じます。10月からまた多くの品目が値上げされるとニュースで⾒ますが、それも概ね受け⼊れられているように感じます。
2025-10-01,変わらない,家計,東青,⼀般小売店,祭や帰省など⼈流の多い前期と比較してさすがに分⺟は小さくなっているものの、⼤⼈の休⽇倶楽部やインバウンド含め、域外の客による活発な購買需要が⾒られる。
2025-10-01,変わらない,家計,東青,乗用⾞販売,元々、値引きをして販売していることや、原価⾼騰からの⾞両⾦額の値上げもあり、正直分かりにくいのが現状です。
2025-10-01,変わらない,家計,東青,百貨店・スーパー,⾷品中⼼に各種値上げが続く中で使えるお⾦は変わらないため。その中でやりくりする生活、買い物のメリハリ、節約志向は継続すると思います。
2025-10-01,変わらない,家計,東青,美容院,暑さが和らぎ、しのぎやすくなったので出歩いているようです。ただ町の中で歩き回るのではなく、外に出ているので商売としてはいまひとつでしょうか。
2025-10-01,変わらない,家計,東青,レストラン,10月に⼊ってから材料関係が⼀⻫に値上げしてお客様の動きが鈍くなったように思う。
2025-10-01,変わらない,家計,東青,旅⾏代理店,お客様の申込みの数が横ばい。
2025-10-01,変わらない,家計,津軽,美容院,米の値段も新米が出てその⾼さにビックリ、庶⺠が笑顔で買える値段ではない。政府も農協も農家もまさか⽇本⼈の米離れを推進しているのか。
2025-10-01,変わらない,家計,津軽,設計事務所,公共、⺠間による設計業務が共に多くない状況が続いている。
2025-10-01,変わらない,家計,津軽,⼀般飲⾷店,売上はコロナ以前に戻ったが、材料費・⼈件費・光熱費等、諸経費の⾼騰による資⾦難に併せて、消費税や社会保険料の値上げで景気が良くなっているとは言えない。
2025-10-01,変わらない,家計,津軽,商店街,お客様の来社された⼈数が、あまり変わっていないため。
2025-10-01,変わらない,雇用,津軽,⼈材派遣,物価⾼騰が留まるところがない。３ヶ月前と比較しても、特に⾷料品、ガソリン、灯油等、生活必需品の値上がりが顕著で家計に直接影響を及ぼしている。
2025-10-01,変わらない,雇用,県南,⼈材派遣,依然として続く物価⾼騰、また⼈⼿不⾜等の影響が多くのお客様に影響を及ぼしている。
2025-10-01,変わらない,家計,東青,観光名所等,来館者の推移より。
2025-10-01,やや悪くなっている,家計,東青,コンビニ,値上げラッシュの影響なのかお客様の購買点数が落ちていると思われます。
2025-10-01,やや悪くなっている,家計,県南,住宅建設販売,住宅購⼊者が減ってきている。社内でも節約の話題が頻繁に聞かれるようになった。
2025-10-01,やや悪くなっている,家計,県南,⾐料専門店,物価⾼。⾷品以外にも原材料の⾼騰により⾐料品の価格も上がっている。
2025-10-01,やや悪くなっている,家計,県南,⼀般小売店,諸物価⾼騰、特に10月からの⾷品の値上げ。⼀般消費者には物価⾼の影響が強い。
2025-10-01,やや悪くなっている,家計,下北,タクシー,⻘森県の最賃が低いうえに物価の上昇はとまらない。
2025-10-01,やや悪くなっている,家計,下北,⼀般小売店,物価の上昇が止まらない。
2025-10-01,やや悪くなっている,企業,津軽,電気機械製造,物価⾼及び受注の減少。
2025-10-01,やや悪くなっている,企業,県南,電気機械製造,賃⾦の価格転嫁が進まない。
2025-10-01,やや悪くなっている,雇用,東青,⼈材派遣,物価も⼈件費も急激に⾼騰しており、それに⾒合う給与改定がなされていないため。景気悪化していくように⾒受けられる。
2025-10-01,やや悪くなっている,雇用,東青,求⼈情報誌,通常⼊ってきている仕事が⼊ってきていない。
2025-10-01,やや悪くなっている,雇用,県南,新聞社求⼈広告,管内では、⼈⼝減少や若者の流出、地域でのお⾦の動きの弱さなどが続いており、そのせいで景気が上向きにくい原因になっていると感じています。
2025-10-01,悪くなっている,家計,津軽,⾐料専門店,物価⾼。
2025-10-01,悪くなっている,家計,県南,スナック・バー,お客様が少ない。街が閑散としている。
2025-10-01,悪くなっている,家計,県南,美容院,来店頻度がかなり落ち込んでいる。最近の値上げムードの結果かと思っている。
2025-10-01,悪くなっている,家計,下北,コンビニ,物価が⾼くて、必要なもの以外買わない。
2025-10-01,やや悪くなっている,家計,東青,卸売業,米の価格⾼騰による影響で嗜好品(酒類)等の買上げ点数が悪くなっている。
2025-10-01,やや悪くなっている,家計,県南,コンビニ,商品の値段が上がり、売れなくなっている。
2025-10-01,やや悪くなっている,家計,県南,卸売業,新米の値上げや10月からの⾷品類値上げにより買い控えが起きている。
2025-10-01,やや悪くなっている,企業,東青,建設,物件減少、原価⾼騰、残業規制、⼈⼿不⾜。
2025-10-01,やや悪くなっている,家計,県南,百貨店・スーパー,物価⾼と円安。
2025-10-01,やや悪くなっている,家計,東青,設計事務所,景気が上向く要因が⾒当たらず、先⾏き不透明感があるため。
2025-10-01,やや悪くなっている,家計,東青,ガソリンスタンド,少子⾼齢化が加速し、消費の需要が縮小し、結果企業間の競争が激化して、倒産・事業譲渡する会社が増えている。
2025-10-01,やや悪くなっている,家計,県南,⼀般飲⾷店,これだけの材料⾼騰では景気は太⼑打ちできない。⼀般市⺠も値上げで生活が苦しくなる。その影響の絡みで外⾷頻度が減ると感じられる。また、最低賃⾦の問題で、利益が圧迫され存続⾃体が非常に難しくなるであろう。良くなる状況が皆無に感じられる。
2025-10-01,やや悪くなっている,家計,東青,タクシー,３ヶ月前は、祭や交流⼈⼝の増加からコロナ禍前の売上に戻り好調であったが、その反動からか、９月は前年比横ばいの推移となります。
2025-10-01,やや悪くなっている,家計,東青,商店街,インバウンド客の動きは相変わらずいいが、地元顧客については、この時期の季節の移り変わりによる購買⾏動があまり⼤きく動き出さないように感じる。⾼温が続いた気象による季節感の認識ずれが起こっているのではと思われる。
2025-10-01,やや悪くなっている,家計,津軽,旅⾏代理店,仕⼊れ値が⾼くなっている。
2025-10-01,やや悪くなっている,家計,津軽,百貨店・スーパー,⾐料品の売上が気温の影響もあり鈍化しているように⾒受けられる。全体的な値上げの中で買い控えもあるように⾒える。
2025-10-01,やや悪くなっている,家計,津軽,観光名所等,物価⾼に伴う買い控え傾向。
2025-10-01,やや悪くなっている,家計,東青,⾐料専門店,⾃然環境は全然問題ないのですが消費環境は冷たく感じます。観光客の⼊込増は感じ、そちら関係の景気は良いと報告されますが、⼀般国⺠の消費意欲は弱いようです。
2025-10-01,やや悪くなっている,家計,津軽,スナック・バー,⻑引く物価⾼。
2025-10-01,やや悪くなっている,家計,県南,旅⾏代理店,物価⾼騰。
2025-10-01,やや悪くなっている,家計,県南,百貨店・スーパー,売上は、商品の値上げにより上がっているが、客数と買上点数の前年割れが続いている。
2025-10-01,やや悪くなっている,家計,県南,ガソリンスタンド,適切な物価⾼騰対策が何も打たれないことから。
2025-10-01,やや悪くなっている,家計,津軽,家電量販店,今年の夏は猛暑で、エアコンや冷蔵庫などの販売が好調であったが、秋に向けては各メーカーの小売価格の値上げや、米の新米価格など、物価⾼がこれから景気に響いてくると思う。政治の不安定感も否めない。
2025-10-01,やや悪くなっている,家計,東青,スナック・バー,管内はねぶた、お盆が終わると週末は昼間のイベントだらけで夜はきつい。コロナの移動できない時期の反動で三連休等は旅⾏に⾏く様な傾向になっていて困っています。
2026-01-01,変わらない,家計,下北,都市型ホテル,ホテルとしては時期的に閑散期に⼊ってきているので、３ヶ⽉前と比べれば当然悪くなっていますが、毎年のことなので、景気としてみれば変わらないと思います。
2026-01-01,変わらない,家計,下北,タクシー,収⼊が増加しているように⾒えるが、物価⾼を考えると、プラスマイナスゼロになると思います。
2026-01-01,変わらない,家計,下北,百貨店・スーパー,景気は、決して良くなったとは思わないが、少しずつガソリン代の価格の低下をはじめ、各種補助（ガス、電気）などで余裕感を持てるようになりつつある。
2026-01-01,変わらない,家計,県南,乗用⾞販売,昨年からの物価⾼の影響が続いている。⾞両販売にあたり、需要と供給のバランスが⼀部崩れており、販売⾞種の制限等の影響も出ている。
2026-01-01,変わらない,家計,下北,⼀般飲⾷店,12⽉初めの地震の時はキャンセルが相次ぎましたが⽉末にかけて戻って来てよかったです。
2026-01-01,変わらない,家計,県南,⼀般飲⾷店,良い時と悪い時があり、総合的ではとんとんの状態です。やはり、物価⾼の要因もあり来店頻度が相当低いように感じられる。また、地震の影響で12⽉は落ち込みがひどい。救済の⼿⽴てが急務である。
2026-01-01,変わらない,家計,県南,美容院,スーパーでは、チラシを⼿に持って買物している⼈が多い。買物の知識が育ち、買物上⼿になってきた。
2026-01-01,変わらない,家計,県南,住宅建設販売,新築住宅価格の⾼騰によって購⼊者の減少が続いているため。
2026-01-01,変わらない,家計,県南,百貨店・スーパー,良い⽅は、所得税の改正により、年末調整で昨年と比較して⼿取りが増えた⽅が多かったため。悪い⽅は、12/8に発⽣した地震により、その前の⽇常を取り戻せていない⼈たちがまだたくさんいるため。
2026-01-01,変わらない,家計,県南,観光名所等,あまり変化がなく、横ばいである。
2026-01-01,変わらない,家計,県南,百貨店・スーパー,物価上昇に伴い、⾷品の売上は、必要以上に買わないといった⼼理が強く働いていると考える。数字がその様な結果を示している。
2026-01-01,変わらない,家計,県南,旅⾏代理店,前年同時期と変わっていないため。
2026-01-01,変わらない,家計,津軽,娯楽業,特に客層と⾏動に変化がないから。
2026-01-01,変わらない,家計,下北,コンビニ,必要なものしか買わない。
2026-01-01,変わらない,家計,津軽,百貨店・スーパー,商品の価格が値上がりしているが収⼊に⼤きな変化が⾒当たらず、停滞していると感じる。
2026-01-01,変わらない,家計,県南,家電量販店,米の価格、⾷材の価格上昇が続き、ガソリン価格はやや低下してきているが、購買意欲は上がってないと感じる。
2026-01-01,変わらない,企業,津軽,経営コンサルタント,⼟⽇のスーパーマーケットの⽇中は、買い物客で賑わい正⽉商戦終了後も⼈出は減ってはいない。
2026-01-01,やや悪くなっている,家計,東青,レストラン,年末は良かったが、今は⼤雪のため⼈が動かない状態。
2026-01-01,変わらない,企業,津軽,電気機械製造,物価⾼のため。
2026-01-01,やや悪くなっている,家計,津軽,住宅建設販売,問合せ等が減っています。また、資⾦、予算⾯でも、⾃⼰資⾦の投⼊減、希望借⼊額の未達が増えています。
2026-01-01,やや悪くなっている,家計,津軽,都市型ホテル,宿泊客の減少による単価の下落。
2026-01-01,やや悪くなっている,家計,津軽,スナック・バー,物価⾼、経済的不安定。
2026-01-01,やや悪くなっている,家計,津軽,レストラン,12⽉に⼊り、客数がかなり減少している。
2026-01-01,やや悪くなっている,家計,津軽,商店街,街を歩く⼈の数が減っている気がします。
2026-01-01,やや悪くなっている,家計,津軽,百貨店・スーパー,物価が⾼騰している。客足は減ったように感じる。
2026-01-01,やや悪くなっている,家計,東青,設計事務所,投資の資⾦計画が思うように進まないため、事業計画が⻑期化または中⽌となっている。
2026-01-01,変わらない,家計,津軽,観光名所等,2025年度比で３か⽉前と同様の売上のため。
2026-01-01,やや悪くなっている,家計,東青,コンビニ,お客様が減っている。
2026-01-01,やや悪くなっている,家計,東青,百貨店・スーパー,売上シェアの⾼い⾐料品が婦⼈・紳⼠共に不調。⾐料品に関するお客様の購買意欲が低くなっている可能性がある。
2026-01-01,変わらない,雇用,県南,⼈材派遣,依然として、各種原材料・燃料価格の⾼騰や円安の進⾏、そして⼈件費や物流費の上昇など、様々な業界の景況感は混沌としているように感じます。
2026-01-01,変わらない,雇用,東青,新聞社求⼈広告,新聞広告申込の状況からは、好転しているようには⾒えません。
2026-01-01,変わらない,雇用,東青,求⼈情報誌,⼤⼿企業は上⼿く回っているとは思いますが、地元の中小企業は厳しい状況が続いていると思います。
2026-01-01,変わらない,企業,下北,⾷料品製造,季節の影響もあると思いますが、必要な分だけ、家族で相談したりして、買う種類や数を決めている⽅が多いように感じます。
2026-01-01,変わらない,企業,県南,建設,全国的には賃⾦の上昇でなんとか物価上昇に対応できているように⾒えるが、私たちの地⽅では物価上昇に対して賃⾦の上昇率は低く苦しい。また、あらゆる資材類の⾼騰、⼈材不足などが地域の企業に⼤きく影響を与えていて、周辺で零細企業の倒産が増えてきているのが⼼配。
2026-01-01,変わらない,企業,県南,広告・デザイン,レギュラー的な仕事が続いているだけで、新規の仕事はそうそう発⽣していない。
2026-01-01,変わらない,企業,県南,飲料品製造,秋からの地元のイベントなど年末にかけての時期毎の盛り上がりがあり、またインバウンドを含む観光客の動きなどが活発で直売所への来客などはよかったが、夜の繁華街などはイマイチの状況であった。
2026-01-01,変わらない,企業,津軽,広告・デザイン,明るい話はお客様からはやはり聞かないため。
2026-01-01,変わらない,家計,津軽,設計事務所,建築設計業務においては今の時期は昨年度から引き続きの業務が多いかと思います。官公庁発注の業務はほとんど年度変わりしてからとなるので新規物件が少ないです。
2026-01-01,やや良くなっている,家計,東青,⼀般飲⾷店,今年は雪があまり降らないこともあり、お客さんも来店しやすいのかなと思います。インフルエンザの影響でのキャンセル、地震の影響でのキャンセルもあまりなく、昨年の冬より調⼦も良いです。
2026-01-01,変わらない,家計,東青,商店街,インバウンドを含め観光客の動きはそこそこあるものの、地元のお客様については続く物価⾼が足かせになっているように感じる。
2026-01-01,やや悪くなっている,家計,県南,商店街,効果的な景気対策が⾏われないところに地震で被害を受けた⼈が多いから。
2026-01-01,やや悪くなっている,家計,県南,⼀般小売店,12⽉の地震の影響が少なからず消費マインドを抑えている。
2026-01-01,やや悪くなっている,家計,下北,レストラン,物価が下がらない。
2026-01-01,やや悪くなっている,家計,下北,ガソリンスタンド,賃⾦よりも物価の⽅が⾼くなり家計を圧迫し、企業も最低賃⾦が上がり経費が嵩んでいると思われる。
2026-01-01,やや悪くなっている,企業,東青,経営コンサルタント,インバウンドの来⻘者数は台湾・中国を筆頭に好調に推移し、宿泊・飲⾷サービスに⼤きく貢献してきたが、中国政府による訪⽇⾃粛要請による収⼊減少、⻘森県東⽅沖地震による建物や商品等の被災物件の修理など経費増加になる。各業種全般の景況感はやや悪くなる。
2026-01-01,やや悪くなっている,企業,東青,⾷料品製造,冬場は光熱費の負担が多くなり、年末年始以降は消費控えの状況を感じます。
2026-01-01,やや悪くなっている,企業,津軽,⾷料品製造,⾷料品がとにかく⾼い。値段を⾒て買い控えをすることもある。
2026-01-01,やや悪くなっている,家計,県南,コンビニ,物価⾼による個⼈消費低迷。
2026-01-01,やや悪くなっている,企業,県南,経営コンサルタント,地震の影響により、飲⾷業においては、予約のキャンセル等が多く発⽣して、売上減少が避けられない状況となっている業者が多く、管内の主⼒産業である水産加⼯業においても、サバの水揚げが激減したことにより⽣産活動が停滞している。
2026-01-01,やや悪くなっている,雇用,県南,新聞社求⼈広告,管内の景気がやや弱くなっていると感じる背景には、住宅業界の不調がある。住宅業界は新聞広告の主要な広告主であり、単価が⾼く、広告出稿額も⼤きい業種である。しかし、⼈⼝減少により住宅購⼊層が減っているうえ、建築資材や⼈件費の上昇で住宅価格が⾼くなっている。加えて、⽇本銀⾏の⾦融政策修正を背景に⻑期⾦利が上昇傾向にあり、住宅ローン⾦利への不安から、消費者の間では「今は様⼦⾒」、「将来の返済が⼼配」といった慎重な⼼理が強まっている。この結果、住宅購⼊が先送りされ、住宅会社は販売活動や広告出稿を抑える傾向にあり、それが地域全体の景気がやや弱く感じられる⼀因となっている。
2026-01-01,悪くなっている,家計,東青,観光型ホテル・旅館,10⽉から宿泊客数が前年割れの状態が続いている。特に今⽉の地震の影響は⼤きくキャンセルが多数発⽣した。
2026-01-01,やや悪くなっている,家計,県南,レストラン,地元のお客様から、「市街に来ることがない。市街に⾏く用事がない。」、「市街に足を運ぶことがなくなった。」と言われることが多くなりました。忘年会か新年会のどちらかの企業が多くなったようで。新年会の予約もあまりありません。そんな⽅々が増えているからだと思います。
2026-01-01,悪くなっている,家計,津軽,⾐料専門店,売上が悪い。
2026-01-01,悪くなっている,家計,県南,⾐料専門店,12⽉８⽇⻘森県東⽅沖地震の影響。通常営業フロアは地下１階〜６階だが、１/14現在、地下１階〜４階のみ営業再開している。暖冬・小雪で重⾐料の動きが悪いのがセール時期になっても継続している。
2026-01-01,悪くなっている,家計,県南,設計事務所,仕事が減っている。
2026-01-01,やや悪くなっている,企業,東青,建設,物価⾼による投資先おくり現象。
2026-01-01,やや悪くなっている,雇用,津軽,新聞社求⼈広告,クライアント企業の多くがコスト削減を優先しており、宣伝広告費の抑制が顕著になっている。新規の広告出稿をためらう傾向が強まっており、受注件数・単価ともに伸び悩んでいる。景気は停滞、あるいは後退局⾯にあると感じる。また、深刻な⼈⼿不足に加え、後継者不在を理由とした廃業や閉店の話を⽿にすることが増えた。地域経済の活⼒が低下しており、⼈流は戻りつつあるが、県外資本による⼀部企業に限定されており、実態経済の勢いは感じられない。
2026-01-01,変わらない,家計,津軽,美容院,⾼市政権になり、ガソリン代も下がり好条件に期待感があるものの⽣活に余裕がある状態まではいっていない。
2026-01-01,やや悪くなっている,家計,県南,タクシー,12/8の地震の影響もあったのか、業界的には12⽉は最繁忙期にもかかわらず、例年に比べても厳しい売上状況が続いている。景気の良し悪しも関係しているかもしれないが、多少の⾃粛ムードの影響があったのでは。
2026-01-01,やや良くなっている,家計,東青,卸売業,政治につきるところがあると思います(⾼市政権)。
2026-01-01,変わらない,家計,東青,娯楽業,政府の物価⾼対策の波及効果が地⽅まで及ぶにはタイムラグがあるため。
2026-01-01,変わらない,家計,東青,住宅建設販売,都市部を中⼼とした景況感は株価や⾦利、ボーナス⽀給額で良くなってきていることは感じるが、管内にいたってはその恩恵を感じられている⼈は少ないと感じます。また熊騒動や地震も影響しているとは思いますが、外で飲⾷する⼈が少ないように感じます。年末年始での帰省や観光での賑わいはありますが、地元の住⺠は元気がないように感じます。今後はさらなる物価上昇と⾦利上昇がジワジワと⽣活に響いてくると思います。
2026-01-01,変わらない,家計,東青,旅⾏代理店,業績の伸び悩みを感じ、適正なる利潤を確保できていない。
2026-01-01,変わらない,家計,東青,美容院,変化したものもあるけれど、３ヶ⽉程でなかなか変わらないのでは。
2026-01-01,変わらない,家計,東青,都市型ホテル,３か⽉前のトップシーズンと比較して直近のオフシーズンは需要が少ないが、想定内の範囲で推移していることから変わらない。
2026-01-01,変わらない,家計,東青,百貨店・スーパー,収⼊⾃体に⼤きな変化がないため、消費⾏動も変化はないと感じる。特に冬期間でもあり、灯油代など寒さ対策の費用がかさみ、使えるお⾦もさらに限られるため。
2026-01-01,変わらない,家計,東青,乗用⾞販売,⾞検代などのメンテナンス費用については渋る傾向があるが、購⼊時はそれほどではないと感じます。
2026-01-01,良くなっている,家計,東青,観光名所等,来館者が昨年対比で増えている。
2026-01-01,変わらない,家計,東青,⼀般小売店,観光シーズンも⼀段落で好調なインバウンド需要も⼀服感。
2026-01-01,やや良くなっている,家計,県南,卸売業,年末に向けて特需（ギフトやおせち等）が発⽣しているため。
2026-01-01,やや良くなっている,家計,津軽,⼀般小売店,12⽉までの３か⽉の売り上げの前年比の伸びが９⽉までの３か⽉に比べて少しではあるが、⼤きくなったので。
2026-01-01,やや良くなっている,家計,津軽,家電量販店,営業実績も昨年同期に比べると、上向きになっていることと、農産物の価格も⾼値で推移している。
2026-01-01,やや良くなっている,家計,東青,スナック・バー,年末年始ということもあるが、来客数が増えている。昨年より年末年始で比べても来客数が２割位増えている。
2026-01-01,やや良くなっている,家計,東青,家電量販店,依然として物価⾼騰の状況下にあるものの、暫定税率の廃⽌に伴うガソリン価格の低下なども牽引し、若⼲ではあるが個⼈消費は上向きの傾向になると⾒受けられる。
2026-01-01,やや良くなっている,家計,東青,タクシー,引き続きインバウンドを中⼼に好調である点。ただし、若⼲ではあるが、中国からの観光予約キャンセルや北海道・三陸沖の地震による影響からキャンセルが発⽣しています。12⽉は、積雪の影響がなく順調に運⾏でき、繁忙時期を効率よく運⾏できた。それに伴い、忘年会等の会合利用者も増えたと考えられます。
2026-01-01,やや良くなっている,家計,東青,⾐料専門店,暗いどんよりとした政権から、明るく、⼒強く希望の持てる政権へ。各種会合、お客様の話題から希望の笑顔が⾒られます、何よりです。
2026-01-01,やや良くなっている,企業,東青,広告・デザイン,重点⽀援地⽅交付⾦等、国の経済対策が進んだため。
2026-01-01,やや悪くなっている,家計,県南,スナック・バー,接待が減っている。
2026-04-01,良くなっている,家計,東青,観光名所等,来館者数が増加している。ＪＲのお得な切符を利用している人が多かった。青森空港国際便も増便となり外国人客も増加。
2026-04-01,やや良くなっている,家計,東青,一般飲食店,今年の冬は雪の影響でお客様の来店数が激減してしまいましたが、3月には雪も早々に消え客足が戻ったことに加えて移動の需要が順調に伸びて例年と同じくらいまで回復をしました。
2026-04-01,変わらない,家計,下北,一般飲食店,原材料等の価格高騰で利益率が下がっているから。
2026-04-01,変わらない,企業,東青,建設,資材価格の上昇、人件費の上昇。
2026-04-01,変わらない,企業,東青,広告・デザイン,特にだが、酒屋などの小売業店にて、EC化が済んでいない事業者は、酒造メーカーのEC進出に大打撃を受けているのはもちろん、ガソリン高騰が止まらない現状に運送費が嵩むのみという話を聞き、実際の苦境な状況などを話で聞けるタイミングがあったため。実際自社でも営業等での交通費の圧迫が大きくなっている。
2026-04-01,変わらない,雇用,県南,人材派遣,依然として続く物価・燃料高など、全体的にまだ景気が良いとは感じていない。
2026-04-01,やや悪くなっている,家計,東青,コンビニ,値上げ問題の影響が大きい。
2026-04-01,やや悪くなっている,家計,東青,百貨店・スーパー,1-2月の大雪時の消費減に対し、3月以降反動増が来ることを期待していたが、減分をカバーするほどは見込めなかった。全体の消費意欲も低い水準のままであり、今後の社会情勢への不安が消費行動に繋がっていないのではないか。
2026-04-01,やや悪くなっている,家計,東青,商店街,1月から２月にかけての災害級といわれる大雪による道路事情が、お客様の外出の足を奪ったばかりでなく、営業活動が止まることに直結する大きな足かせとなりました。また、最低賃金の大幅な引き上げに伴う各方面での人件費増や、原油高による経費増・仕入れコストのアップの先行き不安が大きく影響しています。
2026-04-01,やや悪くなっている,家計,東青,レストラン,今年の冬はかなり厳しくハッキリ言って商売にはなりませんでした。3月の中旬くらいから動き出して団体のお客様もあり忙しかったですが、それが落ち着くとまた静かになるのでは…世界的に不安定な状態が続き先行きが全く見えない状態。
2026-04-01,やや悪くなっている,家計,東青,タクシー,１月２８日に行われた運賃改定から雪も解けて、乗り控えが進んでいるように感じる。ただ、インバウンド向けの観光タクシーは好調に推移しております。
2026-04-01,やや悪くなっている,家計,東青,美容院,今年の冬は雪が大変でした。お店も休みましたから。公共交通まで動かない。
2026-04-01,やや悪くなっている,家計,東青,住宅建設販売,12月1月にかけては帰省や観光により景気回復は見られたが記録的降雪による交通状況の悪化に始まり食料品の値上げ、海外情勢による原油高騰など好景気になる要素が見受けられない。
2026-04-01,やや悪くなっている,家計,津軽,乗用車販売,中東問題など国際情勢の悪化による原材料等の高騰など非常に厳しい状態となっている。
2026-04-01,やや悪くなっている,家計,津軽,家電量販店,雪解けも早く、気温も平年より暖かく推移しているので、春の訪れは早いと思うのだが、世界情勢が不安定な事と、原油や石油関連商品の不足、物価高騰などが重なり、景気は不透明で、今後やや悪く推移していくと思う。
2026-04-01,やや悪くなっている,家計,津軽,一般小売店,イラン情勢によるガソリンをはじめ諸物価の高騰により買い控えが広がっている。
2026-04-01,やや悪くなっている,家計,津軽,観光名所等,国内ツアーの減少。
2026-04-01,やや悪くなっている,家計,津軽,旅行代理店,仕入単価が上がってきている。
2026-04-01,やや悪くなっている,家計,津軽,設計事務所,昨年の同時期と比較すると民間物件が少ない。ここ最近の著しい資材高騰の影響も大きいと思う。
2026-04-01,変わらない,家計,下北,コンビニ,コンビニの値段高いと言っているのをきく。
2026-04-01,変わらない,家計,県南,観光名所等,ガソリンの値上もあるのか、車での客が減っているように思われる。
2026-04-01,変わらない,家計,県南,スナック・バー,客数が増えていない。
2026-04-01,変わらない,家計,県南,衣料専門店,12月の地震の影響もあるが、現在も前年対比では厳しい営業が続いている。
2026-04-01,やや良くなっている,家計,東青,衣料専門店,三か月前の交通破綻の時期との対比です。それは良くなっているでしょう。
2026-04-01,やや良くなっている,家計,東青,一般小売店,雪が無い。これはデカい。
2026-04-01,やや良くなっている,家計,東青,卸売業,雪の影響が無く物流の遅れがない。
2026-04-01,やや良くなっている,家計,東青,スナック・バー,歓送迎会も今年はかなりな数が予約入ったりした。
2026-04-01,やや良くなっている,家計,東青,観光型ホテル・旅館,冬の大雪による交通障害でキャンセルが多発し、天候事由によりキャンセル料も請求できず1，2月の業況がたいへん悪かった。その分、あおたびキャンペーンの追い込み需要により3月は上向いたが、挽回し切れなかった。
2026-04-01,やや良くなっている,家計,東青,娯楽業,この冬の豪雪で１月、２月が過去にないほど集客が落ち込んで、３月雪解けとともに集客が回復して良くなっているように感じているだけかもしれません。
2026-04-01,やや良くなっている,家計,津軽,商店街,雪が解け、歩く人が多く見られるようになった為。
2026-04-01,やや良くなっている,家計,津軽,観光型ホテル・旅館,桜開花がいつもより早くなっている為。
2026-04-01,やや悪くなっている,家計,津軽,住宅建設販売,建築資材並びに人代費の値上がりにより、見積りUPが著しい。お客様の予算が厳しく4月の提案では、契約が前年対比マイナスになっている。
2026-04-01,やや良くなっている,家計,津軽,美容院,1月の雪の多い時期が終わり、現在は卒業、入学シーズンで、お客様の入りは多くなっている。
2026-04-01,やや良くなっている,企業,東青,食料品製造,大雪の交通マヒばかりの道路状況が終わり、春を迎え購入意欲があることを耳にします。
2026-04-01,やや良くなっている,企業,東青,広告・デザイン,国の物価高対策が、当方の業務領域にも事業展開されている。
2026-04-01,変わらない,家計,東青,百貨店・スーパー,商品の値上げが続く中で、必要以上に買わない、お買い得品を買うなどメリハリのある買い物の仕方は変わっていないため。
2026-04-01,変わらない,家計,東青,家電量販店,３か月前時点では個人消費は緩やかな回復傾向にあると見受けられたが、直近では度重なる食料品等の値上げに加え、中東情勢に起因する原油価格の上昇ないし将来的な供給不足に対する不安等から、景気は足踏みの状態にあると感じられる。
2026-04-01,変わらない,家計,東青,都市型ホテル,直近の国内ビジネス需要は弱まっており、その分を海外需要でカバーしていたが中国問題もあり結果、3か月前と変わらない状況となっている。
2026-04-01,変わらない,家計,津軽,コンビニ,何か変化があるイベントはないので、売上が高くなる様子はない。
2026-04-01,変わらない,家計,津軽,都市型ホテル,宿泊料金が上がってこない。
2026-04-01,変わらない,家計,津軽,娯楽業,人々の娯楽に使う金額が増えていない。
2026-04-01,やや良くなっている,家計,下北,都市型ホテル,冬の閑散期からようやく春になり色々な動きも出て来ています。只、前年が良すぎたのか、辛うじて前年並みの感じではあります。
2026-04-01,やや悪くなっている,家計,県南,コンビニ,販売数量は減っているが、値上げにより販売金額は増えている。しかし、経費が増額になって利益は減っている。
2026-04-01,変わらない,家計,下北,レストラン,まだまだ物価高が続くため。
2026-04-01,やや悪くなっている,家計,県南,百貨店・スーパー,物価高の影響に加え、中東情勢の今後の先行不安要素もあり、お買物がシビアになっている。(必要最低限のものしか購入しない印象)
2026-04-01,やや悪くなっている,企業,県南,経営コンサルタント,飲食業においては、地震による客足減少傾向が継続しており、4月から多品目にわたる食材の値上げが実施されて、収益環境が以前と比べて、さらに悪化している状況である。
2026-04-01,やや悪くなっている,雇用,東青,人材派遣,確実に物価、人件費上昇の大きな波に、経営も消費も追いついていないように感じている。人手は足りないが満足に不安なく生活できる水準の給与を出せない企業が多く求職者とのギャップで負のループ。消費もますます冷え込みそう。
2026-04-01,やや悪くなっている,雇用,東青,新聞社求人広告,燃料代や資材高騰を理由に前年より発注を減らすお得意が増えてきた気がします。
2026-04-01,やや悪くなっている,雇用,東青,求人情報誌,現在のアメリカとイランの問題で日本にも多大な問題に直面していて、ガソリンだけではなくいろいろな分野で物が足りなくなるじゃないかとの不安と値段を上げざるをえない状況が今後増えてくるように思います。株等の変動も日々変わっているようにも思えます。
2026-04-01,やや悪くなっている,雇用,津軽,新聞社求人広告,案件数は前年並みを確保できているものの、原材料費や電気代の高騰により、取引先企業が広告宣伝費を真っ先に削減する動きがある。クライアントマインドの冷え込みを感じる。
2026-04-01,やや悪くなっている,雇用,県南,新聞社求人広告,原油高騰による地域経済への影響のため。
2026-04-01,悪くなっている,家計,東青,旅行代理店,冬の大雪災害で旅行に出かけるお客様が例年と比べても減少していた（例年1，2月は雪を心配して出控えになるが今年は更に減少した）。そして、例年３月以降は旅行客が増えてくるが、雪融けの後に中東情勢からの原油高騰・物価高騰が世界的規模で発生しているため、お客様は節約に入っていると感じている。春以降の旅行申込者も例年に比べかなり少ない。
2026-04-01,悪くなっている,家計,東青,設計事務所,石油高騰高止まりと銀行の融資の滞りによって、事業計画が進まない。
2026-04-01,悪くなっている,家計,津軽,百貨店・スーパー,物価高の影響が継続しているのとイラン戦争の影響でガソリンの高騰等。今後、どのようになるのか先行きが不透明の為。
2026-04-01,悪くなっている,家計,津軽,百貨店・スーパー,物価の上昇、社会情勢への不安。
2026-04-01,悪くなっている,家計,津軽,衣料専門店,物価高、ガソリン高。
2026-04-01,悪くなっている,家計,津軽,スナック・バー,不景気に選挙、そして戦争の影響があると思う。
2026-04-01,悪くなっている,家計,県南,レストラン,戦争が始まってからなのか、さらに物価高。八戸の街は人が歩いていない。。。
2026-04-01,悪くなっている,家計,県南,設計事務所,原油高が大きい。
2026-04-01,悪くなっている,企業,津軽,食料品製造,物価高に更にイラン情勢が拍車をかけている。
2026-04-01,悪くなっている,企業,県南,建設,米国対イランの戦争により原油価格が高騰し、私たちの生活に係わるあらゆる物が上昇し始めている。特にプラスチックやフィルム関連を使っている製造業や食品関係企業は入手困難に陥っているようだ。高市政権誕生で景気上昇の期待で持ちきりだったのが、戦争によって一気に景気高揚感が減退した。
2026-04-01,やや悪くなっている,家計,県南,百貨店・スーパー,賃金・手取り収入の上昇が物価高に追いついていない。金融機関からの借入金利の負担増による家計圧迫。アメリカ等対イランの戦争により、原油等が逼迫しそう。ガソリン価格の上昇。お米と鶏卵の価格が下がらない。
2026-04-01,やや悪くなっている,企業,県南,電気機械製造,原油の値上がりによる燃料の価格上昇、石油製品(プラスチック類や溶剤類の入手難と値上がりのため。
2026-04-01,やや悪くなっている,企業,県南,飲料品製造,直近の中東問題の影響が市場全体を節約志向に走らせている雰囲気。イベントに対する盛り上がりなどは維持され、観光客などの入れ込みなども順調ではあるが、昨年秋の商品の値上げの影響もあり日常的な嗜好品に対する動きが完全に鈍っている。
2026-04-01,悪くなっている,企業,下北,食料品製造,スーパーで食品購入の際、4月に入ってから値上げ商品が多い。
2026-04-01,やや悪くなっている,企業,津軽,経営コンサルタント,弘前公園の桜が例年より早く開花し、開会式の日にはもはや満開の予想がされているせいか平日の観光客は少なく、市内道路雄も県外ナンバーの車はチラホラ混じっているものの比較的少ないように感じる。一時期のガソリン代高騰は落ち着いているものの景気は今ひとつである。
2026-04-01,やや悪くなっている,企業,県南,食料品製造,世界紛争により先行きの不透明感から消費が冷え込んでいる。
2026-04-01,やや悪くなっている,家計,県南,一般小売店,ロシア・ウクライナ問題が未解決の上にイラン・イスラエル・アメリカ問題が加わり、全てにマイナス影響ばかりだ。
2026-04-01,やや悪くなっている,家計,県南,商店街,全てのものが値上がり傾向で、更にアメリカとイランの関係が全く不透明なため。
2026-04-01,やや悪くなっている,家計,県南,卸売業,地震の被害から復帰できていない取引先が多い。宴会等の予約が少ないまま。
2026-04-01,やや悪くなっている,家計,県南,一般飲食店,兎に角各々の諸物価の上昇によるお客様の危機意識が蔓延しつつあるように感じられる。更にこの先にある物価上昇が各家庭、職場に引き締めの材料に、その為来店頻度の減少になっているように思われる。
2026-04-01,やや悪くなっている,家計,県南,観光型ホテル・旅館,今までの物価高騰に加え、燃料費の高騰が重なったため。
2026-04-01,やや悪くなっている,家計,県南,旅行代理店,昨年年末の地震被害、米・イランによるガソリン、物価高騰
2026-04-01,やや悪くなっている,家計,県南,タクシー,2026/1に実施された運賃改定の影響や、物価上昇の継続など、家計の購買力の低下や圧迫されているような気がする。
2026-04-01,やや悪くなっている,家計,県南,乗用車販売,中東情勢の緊迫化で燃料価格の高騰が続いている。政府からの支援でどうにか価格上昇を抑えているが、この先どうなるか不安定であり、景気のマイナスとなっている。
2026-04-01,やや悪くなっている,家計,県南,ガソリンスタンド,物価上昇による、家計への影響により。
2026-04-01,やや悪くなっている,家計,県南,住宅建設販売,住宅一棟当たりの単価は上昇しているが、契約棟数が減少している。お客様は公務員等に絞られる。
2026-04-01,やや悪くなっている,家計,下北,百貨店・スーパー,米騒動の落ち着きで一時消費が増加したが戦争による原油問題による先々の値上げ・不足不安などにより消費が停滞気味。
2026-04-01,やや悪くなっている,家計,下北,タクシー,ガソリン・灯油等の燃料の値上がりで、すべての業種が打撃をうけています。経費が大きく膨らむと思います。
2026-04-01,やや悪くなっている,家計,下北,ガソリンスタンド,ほとんどの物価が上がり家計や会社の経費を圧迫してると思われる。
2026-04-01,やや悪くなっている,企業,東青,経営コンサルタント,中東情勢の悪化による原油高騰に伴い、軽油・重油価格の上昇が運送業・農業・漁業・食品製造業などの県内企業を直撃し、利益を圧迫している。また、4月から多くの飲食料品メーカーが値上げをしており、消費者にとっては生活防衛の意識が強まり景況感は悪くなっている。
2026-04-01,やや悪くなっている,企業,津軽,電気機械製造,イラン情勢により物価が上昇しているため。
2026-04-01,やや悪くなっている,家計,県南,美容院,イラン関係の不安や諸物価の値上りで来店回数が少なくなっています。店販売品などもあまり回転していません。
2026-07-01,やや悪くなっている,家計,津軽,百貨店・スーパー,物品の値上がりが継続的であり、どこかを節約しなければならないような雰囲気がある。
2026-07-01,やや悪くなっている,家計,東青,旅行代理店,"""今年４月以降は物価高、海外の情勢不安などから旅行の需要が落ち込んでおり、それに加えて全国的なクマ被害、猛暑・大雨・台風などの天候不順のマイナス要因も加わり、旅行の予約は例年に比べて減っている。"""
2026-07-01,やや悪くなっている,家計,東青,レストラン,これからねぶたに向けて観光客とか増えて来ますが、地元のお客様は暑過ぎて食欲が落ちてくるので洋食は敬遠するのでは。(毎年です)
2026-07-01,やや悪くなっている,家計,東青,衣料専門店,春先はイベント等での来街者、旅行者などが増え賑わったが最近はかなり減少している。
2026-07-01,変わらない,雇用,津軽,新聞社求人広告,"""新規の広告出稿や、新しいプロモーションへの問い合わせはある。しかし、企業の宣伝広告費にかける予算規模は以前に比べて縮小傾向にあり、企業側の「財布のひも」の固さは依然として変わらない。お試し的な小口案件や単発の出稿にとどまるケースが多く、売上の本格的な回復には至っていないため、景気は横ばいで推移している。"""
2026-07-01,変わらない,雇用,東青,人材派遣,資材の価格や人件費が高騰しているが価格転嫁できていないような取引先もある。人件費は上がっているが、人手不足で採用に苦慮している（雇用形態問わず）このままの状況では、売上が上がっても利益が出ずで、あまり景気は良くならないように感じている。
2026-07-01,変わらない,家計,下北,タクシー,４月から新年度が始まって３か月、特に変わった様子はないと思います。
2026-07-01,変わらない,企業,県南,経営コンサルタント,飲食業においては、客数は増加傾向であるが、仕入原価も上昇しているので大幅な利益の増加は見込めない状況が続いている。製造業においては、イラン戦争の先行きがはっきりするまで大規模な設備投資を控える動きが継続している。
2026-07-01,変わらない,企業,県南,食料品製造,世界情勢の先行き不透明感による。
2026-07-01,変わらない,企業,県南,電気機械製造,ＡＩ半導体関係の需要盛り上がりはあるが、一方で中国の輸出規制やイラン戦争の石油製品値上がりと品不足で生産が遅れる物も出ている。
2026-07-01,変わらない,企業,県南,飲料品製造,ビジネス客や観光客などの動きはよい感じで、直売所での売上は堅調であるが、地元スーパー、小売店での動き、また飲食店での動きは鈍い。やはり様々な要因による値上がりの雰囲気が支出を控えさせてる気がする。嗜好品に対してだとなおさらか。
2026-07-01,変わらない,企業,津軽,広告・デザイン,明るい兆しはあるものの、まだ反映されないため。
2026-07-01,変わらない,企業,津軽,経営コンサルタント,景気は良くも無く悪くも無いまま、未だ低迷状態が続いている感じです。プロ野球の試合があったり多少芸能イベントがあるが、そのまま管内での消費活動にまで繋げることが出来ていない。
2026-07-01,変わらない,企業,津軽,電気機械製造,例年と同様の仕事量のため。
2026-07-01,変わらない,企業,津軽,食料品製造,食品の物価高。
2026-07-01,やや悪くなっている,家計,津軽,衣料専門店,イラン問題で価格高、在庫なし。
2026-07-01,変わらない,家計,下北,ガソリンスタンド,下北縦貫道路が開通したお陰か多少観光客が増えているような気がします。ですが物価高で相殺という感じでしょうか。
2026-07-01,変わらない,企業,県南,建設,"""原油高で資材価格が高騰し、下請け仕事が多い零細企業は価格転嫁ができず、倒産や廃業に追い込まれている。さらに資材価格や人件費高騰で建築発注も低迷。個人では住宅ローン金利上昇のダブルパンチで住宅投資に待ったがかかっている状態。"""
2026-07-01,やや悪くなっている,家計,津軽,商店街,街を歩いている方、弊社へ来られるお客様が減っているため。
2026-07-01,やや悪くなっている,家計,県南,美容院,食料品や身近な部分の値上がりが影響を受けていると思われます。世界状況が落ち着くまでは、あまり変化はないと思われます。
2026-07-01,やや悪くなっている,家計,津軽,観光名所等,観光業界を取り巻く環境が年々悪化している。人口集中地域より距離がある当地域は交通機関の値上げの影響が大きい。周辺エリアが限定されているインバウンド受入比率の増加の影響による、域外地域の施設経営維持。助成金の廃止や観光ＰＲの規模縮小など、県行政の観光取組姿勢の後退が目立つ。
2026-07-01,変わらない,家計,県南,タクシー,"""繁忙期に入ったにも関わらず、地震の影響か物価高騰の影響なのか、利用者の数が伸びない。"""
2026-07-01,悪くなっている,家計,東青,設計事務所,何をするにも資材が不足しているため、仕事が目の前にあっても受注できない。よって、仕事ができない状況にある。
2026-07-01,悪くなっている,家計,津軽,スナック・バー,まだまだ物価高や戦争の影響が続いている。
2026-07-01,悪くなっている,家計,津軽,住宅建設販売,建材・設備の納入遅延や価格高騰により、顧客の買い控えが発生、中東情勢等により先が見えないことへの不安募る。
2026-07-01,やや悪くなっている,雇用,県南,人材派遣,依然として続く人材不足に加え中東危機の影響が顕著だ。物価高や原材料不足等の回復の見通し立たない業種・業界を多く見受ける。
2026-07-01,やや悪くなっている,雇用,津軽,人材派遣,３か月前と比較して、食料品、電気料金等、生活する上で不可欠なものの高騰が止まらない。収入は増えていないので家計は更に悪化している。
2026-07-01,やや悪くなっている,雇用,東青,新聞社求人広告,イランのホルムズ海峡封鎖による原油高ですべての物価が上がっており、青森県内の家計を圧迫しています。求人広告の申し込みも低調なのも気になります。
2026-07-01,やや悪くなっている,企業,東青,建設,「１年後」が全く予測できない状況です。現状のままだと...
2026-07-01,やや悪くなっている,家計,下北,百貨店・スーパー,賃上げ効果がイラン問題による影響で各種値上が多数あり実質変化なしか悪くなっている。
2026-07-01,やや悪くなっている,家計,下北,コンビニ,小銭で買い物にくる。
2026-07-01,やや悪くなっている,家計,県南,住宅建設販売,物価高が続いており、普段の買い物では節約を意識する人が増えている。スーパーの特売日や安売りのイベントには多くの人が集まり賑わいがあるが、通常時は人が少なく、消費の勢いは弱いと感じる。３か月前と比べても、家計の負担感はむしろ増しており、景気が良くなったいる実感には乏しいため。
2026-07-01,やや悪くなっている,家計,県南,旅行代理店,物価の高騰に歯止めがかからない。物価の高騰に給与が追いつかない。
2026-07-01,やや悪くなっている,家計,県南,商店街,あらゆる物が値上げ、在庫不足だと感じる。スーパーの無料の袋も小さくなってるほどです。
2026-07-01,やや悪くなっている,家計,県南,衣料専門店,お客様のリアルな声でも「物価高で洋服の消費額は減らさなければ」等の声が多く寄せられている。
2026-07-01,やや悪くなっている,家計,県南,百貨店・スーパー,度重なる地震により、施設や物品の被害があったため。
2026-07-01,やや悪くなっている,家計,津軽,娯楽業,余暇に使う消費が減ってると感じる。
2026-07-01,やや悪くなっている,家計,津軽,美容院,"""女性のお客様が中心で営業していますが、食品の高騰が目に見えてすごいです。納豆に関しても安売り時９８円だったものが、この安売りしても１３８円、安売りではない定価が１７８円と。納豆一つにしてもこの値上がりです。サラダ油なども前のように安くならなくなった。ということは普段買い物をする方が値札をみて必要なもの、またはお得なものにしか購買意欲がわかない人もいる。高くても買う人もいますが、食品に関しては毎日のことなので選んでしまうという声を聞きました。"""
2026-07-01,やや悪くなっている,家計,津軽,レストラン,物価高騰の影響なのか、地元の方々の利用頻度が減っており、客単価も減少しているため。
2026-07-01,変わらない,家計,県南,観光名所等,農産物直売施設なので、商品の値上げを控えるようにしている状況である。
2026-07-01,,企業,県南,広告・デザイン,職種にもよりますが、デザイン・印刷業界(広告)に関しては、原料・資材等の価格上昇により利益を確保できなくなっている。
2026-07-01,変わらない,家計,県南,一般飲食店,"""本来ならば多少上向きにならなければいけない月なのだが、これからさらに物価高騰、政局不安定、人不足などマイナス要因山積み状態です。中々困難な状況。"""
2026-07-01,やや良くなっている,企業,東青,食料品製造,春先は大雪被害で困っている話を耳にしました。初夏になり地震や熊は心配ですがレジャーに出かける話を耳にします
2026-07-01,やや良くなっている,家計,下北,都市型ホテル,観光シーズンを迎え宿泊者数が増加しています。ビジネスでのお客様もありますが観光客は確実に増えている感じです。
2026-07-01,やや良くなっている,家計,下北,一般飲食店,一般、観光客の姿が３か月前に比べ増えたように思える。
2026-07-01,やや良くなっている,家計,県南,卸売業,御中元やお祭りで経済が活発化していると感じている。
2026-07-01,やや良くなっている,家計,津軽,設計事務所,官公庁関係の発注業務数が増加していると感じる。業務を選んでいる傾向もみられ不調となる案件も多い。
2026-07-01,やや良くなっている,家計,東青,娯楽業,３月頃から対前年比で売り上げが増えている。
2026-07-01,やや良くなっている,家計,東青,美容院,物価は上がっているけど、それに少しづつ慣れて来ている。うまく回している人が目立つ。
2026-07-01,やや良くなっている,家計,東青,タクシー,観光需要の拡大、災害調査（雪害・震災）、夜の利用増加に伴う。
2026-07-01,やや良くなっている,家計,東青,都市型ホテル,海外ゲストが増えており宿泊需要はやや良くなってきている。
2026-07-01,やや良くなっている,家計,東青,スナック・バー,ボーナス後からの人の流れがある。
2026-07-01,やや良くなっている,家計,東青,家電量販店,物価高騰の折もありながら、他方では来店客数は前年より上回っており（気候要因もあるとみているが）、加えて自治体による消費者支援なども奏功し、直近の景況はやや良好と見受けられます。
2026-07-01,やや良くなっている,家計,東青,コンビニ,今は生活応援券があるためだと思います。
2026-07-01,良くなっている,家計,東青,観光名所等,来館数が増加しているので。
2026-07-01,良くなっている,家計,東青,一般小売店,ねぶた祭に向けたムードが向上しているから。
2026-07-01,悪くなっている,家計,県南,コンビニ,年度末を境に転出者多く、転入者が少ないように感じます。客数、売上減です。
2026-07-01,,雇用,県南,新聞社求人広告,青森県南は、「少し動きは戻っているけど、企業の実感は重い」という気がしています。景気が完全に冷え込んでいるわけではありません。観光、飲食、サービス、採用まわりなどは動きがあります。ただ、物価高、円安、燃料費、人件費、人手不足、金利上昇が重く、経営者はかなり慎重だからです。
2026-07-01,,企業,東青,建設,「１年後」が全く予測できない状況です。現状のままだと...
2026-07-01,やや良くなっている,企業,東青,経営コンサルタント,中東情勢の緊迫化により原油高による原材料価格や人件費の上昇分の価格転嫁が進み、利益が上向いている企業が多くなってきた。
2026-07-01,変わらない,家計,県南,スナック・バー,活気はない。
2026-07-01,やや良くなっている,企業,東青,広告・デザイン,国の重点支援交付金を活用した事業を受託出来ているため。
2026-07-01,やや良くなっている,雇用,県南,新聞社求人広告,"""青森県南は、「少し動きは戻っているけど、企業の実感は重い」という気がしています。景気が完全に冷え込んでいるわけではありません。観光、飲食、サービス、採用まわりなどは動きがあります。ただ、物価高、円安、燃料費、人件費、人手不足、金利上昇が重く、経営者はかなり慎重だからです。"""
2026-07-01,変わらない,家計,県南,一般小売店,諸物価は上がっているものの、一番身近な米価格が下がっている為、相殺された感がある。
2026-07-01,変わらない,家計,県南,家電量販店,中東情勢が不安定な状況が続く中、食材や燃料費の高騰のイメージが抜けてないように感じる。
2026-07-01,変わらない,家計,県南,乗用車販売,"""燃料価格の高騰及び物価高の影響が続いている中で、地震の影響もあり、消費マインドのマイナス要因となる。"""
2026-07-01,変わらない,家計,県南,百貨店・スーパー,売上や客数をみても、変化があまりない。
2026-07-01,変わらない,家計,津軽,都市型ホテル,売上は若干上昇傾向です。理由は物価高の影響での若干の単価アップによります。
2026-07-01,変わらない,家計,津軽,卸売業,物価高のため。
2026-07-01,変わらない,家計,津軽,家電量販店,依然として世界情勢が不透明な点と、中国との関係の悪化など、景気が良くなる理由が見当たらない中、家電販売では国の省エネ基準が大幅に引き上げられるエアコン（２０２７年問題）の販売が好調です。（高付加価値商品ではなく、スタンダードモデル）現状的には変わっていない感じがする。
2026-07-01,変わらない,家計,津軽,乗用車販売,物価の上昇に賃金がついていけない。先の見通しが不安である。
2026-07-01,変わらない,家計,津軽,コンビニ,ナフサ不足で建設業の方の仕事が減っていると聞きます。工事が無くなったりしたと話しているのを聞きました。
2026-07-01,変わらない,家計,東青,住宅建設販売,"""日々値上げや金利について報道されているが、皆さんそれなりに消費活動に積極的だと感じます。しかし住宅については購入検討を控えざるを得ない状況にあるように感じます。新築住宅の需要が減っている分、中古住宅が活発に動いています。また一部賃貸投資へ積極的に動いている気配も感じられることから、同じ管内でも景況感の差が出始めているように感じます。"""
2026-07-01,変わらない,家計,東青,ガソリンスタンド,景気が良いのは株をやってる投資家だけ、多くの人は物価高騰に喘いでいる。
2026-07-01,変わらない,家計,東青,一般飲食店,"""地震による被害については、管内では幸い大きな影響はありませんでした。しかし、５月には予期しないクマの出没問題が発生し、中心部への人出が減少したことで、集客に大きな影響を及ぼしました。この問題は一時的な話題にとどまらず、来街者の行動に変化を与える要因となったと考えられます。その後、県知事をはじめ関係機関の迅速な対応により、影響は最小限に抑えられましたが、市民や来街者の不安が解消されるまでには一定の時間を要しました。６月は例年、季節的に集客が落ち込みやすい時期でもあるため、インターネットを活用した情報発信や、店舗のイメージ向上を目的としたインフルエンサーへの協力依頼など、さまざまな集客施策を実施しました。しかし、最終的な売上・集客実績は昨年度とほぼ同程度となり、数字の上では大きな変化は見られませんでした。"""
2026-07-01,変わらない,家計,東青,卸売業,物価が高くなっている。得意先のチラシ商品の発注量が減っている。販売数も減。
2026-07-01,変わらない,家計,東青,商店街,観光客を含め、人の動きは活発になっていると実感するが、収束が見えづらい燃料高や物価上昇などを背景に購買意欲が抑えられているように感じる。
2026-07-01,変わらない,家計,東青,乗用車販売,新車よりも中古車を探すお客様が増えていることを考えると、良くなっているとは考えにくい。
2026-07-01,変わらない,家計,東青,百貨店・スーパー,物価高騰、エネルギー関連の不透明感もあり、必要なものだけを購入する買い物は継続していると思うため。
2026-07-01,変わらない,家計,東青,百貨店・スーパー,気温上昇が緩やかで夏物商品の需要が伸びていないため、お客様の全体的な購買行動に上昇傾向がみられないため。
2026-07-01,やや良くなっている,企業,下北,食料品製造,購入する時の数や価格を気にせず買う方が、少しですが増えたように思います。
2026-07-01,悪くなっている,企業,県南,広告・デザイン,職種にもよりますが、デザイン・印刷業界(広告)に関しては、原料・資材等の価格上昇により利益を確保できなくなっている。
